fips,date,year,month,day_of_week,d_date
2.0,2021-03-07,2021,3,6,20210307
1.0,2021-03-07,2021,3,6,20210307
5.0,2021-03-07,2021,3,6,20210307
60.0,2021-03-07,2021,3,6,20210307
4.0,2021-03-07,2021,3,6,20210307
6.0,2021-03-07,2021,3,6,20210307
8.0,2021-03-07,2021,3,6,20210307
9.0,2021-03-07,2021,3,6,20210307
11.0,2021-03-07,2021,3,6,20210307
10.0,2021-03-07,2021,3,6,20210307
12.0,2021-03-07,2021,3,6,20210307
13.0,2021-03-07,2021,3,6,20210307
66.0,2021-03-07,2021,3,6,20210307
15.0,2021-03-07,2021,3,6,20210307
19.0,2021-03-07,2021,3,6,20210307
16.0,2021-03-07,2021,3,6,20210307
17.0,2021-03-07,2021,3,6,20210307
18.0,2021-03-07,2021,3,6,20210307
20.0,2021-03-07,2021,3,6,20210307
21.0,2021-03-07,2021,3,6,20210307
22.0,2021-03-07,2021,3,6,20210307
25.0,2021-03-07,2021,3,6,20210307
24.0,2021-03-07,2021,3,6,20210307
23.0,2021-03-07,2021,3,6,20210307
26.0,2021-03-07,2021,3,6,20210307
27.0,2021-03-07,2021,3,6,20210307
29.0,2021-03-07,2021,3,6,20210307
69.0,2021-03-07,2021,3,6,20210307
28.0,2021-03-07,2021,3,6,20210307
30.0,2021-03-07,2021,3,6,20210307
37.0,2021-03-07,2021,3,6,20210307
38.0,2021-03-07,2021,3,6,20210307
31.0,2021-03-07,2021,3,6,20210307
33.0,2021-03-07,2021,3,6,20210307
34.0,2021-03-07,2021,3,6,20210307
35.0,2021-03-07,2021,3,6,20210307
32.0,2021-03-07,2021,3,6,20210307
36.0,2021-03-07,2021,3,6,20210307
39.0,2021-03-07,2021,3,6,20210307
40.0,2021-03-07,2021,3,6,20210307
41.0,2021-03-07,2021,3,6,20210307
42.0,2021-03-07,2021,3,6,20210307
72.0,2021-03-07,2021,3,6,20210307
44.0,2021-03-07,2021,3,6,20210307
45.0,2021-03-07,2021,3,6,20210307
46.0,2021-03-07,2021,3,6,20210307
47.0,2021-03-07,2021,3,6,20210307
48.0,2021-03-07,2021,3,6,20210307
49.0,2021-03-07,2021,3,6,20210307
51.0,2021-03-07,2021,3,6,20210307
78.0,2021-03-07,2021,3,6,20210307
50.0,2021-03-07,2021,3,6,20210307
53.0,2021-03-07,2021,3,6,20210307
55.0,2021-03-07,2021,3,6,20210307
54.0,2021-03-07,2021,3,6,20210307
56.0,2021-03-07,2021,3,6,20210307
2.0,2021-03-06,2021,3,5,20210306
1.0,2021-03-06,2021,3,5,20210306
5.0,2021-03-06,2021,3,5,20210306
60.0,2021-03-06,2021,3,5,20210306
4.0,2021-03-06,2021,3,5,20210306
6.0,2021-03-06,2021,3,5,20210306
8.0,2021-03-06,2021,3,5,20210306
9.0,2021-03-06,2021,3,5,20210306
11.0,2021-03-06,2021,3,5,20210306
10.0,2021-03-06,2021,3,5,20210306
12.0,2021-03-06,2021,3,5,20210306
13.0,2021-03-06,2021,3,5,20210306
66.0,2021-03-06,2021,3,5,20210306
15.0,2021-03-06,2021,3,5,20210306
19.0,2021-03-06,2021,3,5,20210306
16.0,2021-03-06,2021,3,5,20210306
17.0,2021-03-06,2021,3,5,20210306
18.0,2021-03-06,2021,3,5,20210306
20.0,2021-03-06,2021,3,5,20210306
21.0,2021-03-06,2021,3,5,20210306
22.0,2021-03-06,2021,3,5,20210306
25.0,2021-03-06,2021,3,5,20210306
24.0,2021-03-06,2021,3,5,20210306
23.0,2021-03-06,2021,3,5,20210306
26.0,2021-03-06,2021,3,5,20210306
27.0,2021-03-06,2021,3,5,20210306
29.0,2021-03-06,2021,3,5,20210306
69.0,2021-03-06,2021,3,5,20210306
28.0,2021-03-06,2021,3,5,20210306
30.0,2021-03-06,2021,3,5,20210306
37.0,2021-03-06,2021,3,5,20210306
38.0,2021-03-06,2021,3,5,20210306
31.0,2021-03-06,2021,3,5,20210306
33.0,2021-03-06,2021,3,5,20210306
34.0,2021-03-06,2021,3,5,20210306
35.0,2021-03-06,2021,3,5,20210306
32.0,2021-03-06,2021,3,5,20210306
36.0,2021-03-06,2021,3,5,20210306
39.0,2021-03-06,2021,3,5,20210306
40.0,2021-03-06,2021,3,5,20210306
41.0,2021-03-06,2021,3,5,20210306
42.0,2021-03-06,2021,3,5,20210306
72.0,2021-03-06,2021,3,5,20210306
44.0,2021-03-06,2021,3,5,20210306
45.0,2021-03-06,2021,3,5,20210306
46.0,2021-03-06,2021,3,5,20210306
47.0,2021-03-06,2021,3,5,20210306
48.0,2021-03-06,2021,3,5,20210306
49.0,2021-03-06,2021,3,5,20210306
51.0,2021-03-06,2021,3,5,20210306
78.0,2021-03-06,2021,3,5,20210306
50.0,2021-03-06,2021,3,5,20210306
53.0,2021-03-06,2021,3,5,20210306
55.0,2021-03-06,2021,3,5,20210306
54.0,2021-03-06,2021,3,5,20210306
56.0,2021-03-06,2021,3,5,20210306
2.0,2021-03-05,2021,3,4,20210305
1.0,2021-03-05,2021,3,4,20210305
5.0,2021-03-05,2021,3,4,20210305
60.0,2021-03-05,2021,3,4,20210305
4.0,2021-03-05,2021,3,4,20210305
6.0,2021-03-05,2021,3,4,20210305
8.0,2021-03-05,2021,3,4,20210305
9.0,2021-03-05,2021,3,4,20210305
11.0,2021-03-05,2021,3,4,20210305
10.0,2021-03-05,2021,3,4,20210305
12.0,2021-03-05,2021,3,4,20210305
13.0,2021-03-05,2021,3,4,20210305
66.0,2021-03-05,2021,3,4,20210305
15.0,2021-03-05,2021,3,4,20210305
19.0,2021-03-05,2021,3,4,20210305
16.0,2021-03-05,2021,3,4,20210305
17.0,2021-03-05,2021,3,4,20210305
18.0,2021-03-05,2021,3,4,20210305
20.0,2021-03-05,2021,3,4,20210305
21.0,2021-03-05,2021,3,4,20210305
22.0,2021-03-05,2021,3,4,20210305
25.0,2021-03-05,2021,3,4,20210305
24.0,2021-03-05,2021,3,4,20210305
23.0,2021-03-05,2021,3,4,20210305
26.0,2021-03-05,2021,3,4,20210305
27.0,2021-03-05,2021,3,4,20210305
29.0,2021-03-05,2021,3,4,20210305
69.0,2021-03-05,2021,3,4,20210305
28.0,2021-03-05,2021,3,4,20210305
30.0,2021-03-05,2021,3,4,20210305
37.0,2021-03-05,2021,3,4,20210305
38.0,2021-03-05,2021,3,4,20210305
31.0,2021-03-05,2021,3,4,20210305
33.0,2021-03-05,2021,3,4,20210305
34.0,2021-03-05,2021,3,4,20210305
35.0,2021-03-05,2021,3,4,20210305
32.0,2021-03-05,2021,3,4,20210305
36.0,2021-03-05,2021,3,4,20210305
39.0,2021-03-05,2021,3,4,20210305
40.0,2021-03-05,2021,3,4,20210305
41.0,2021-03-05,2021,3,4,20210305
42.0,2021-03-05,2021,3,4,20210305
72.0,2021-03-05,2021,3,4,20210305
44.0,2021-03-05,2021,3,4,20210305
45.0,2021-03-05,2021,3,4,20210305
46.0,2021-03-05,2021,3,4,20210305
47.0,2021-03-05,2021,3,4,20210305
48.0,2021-03-05,2021,3,4,20210305
49.0,2021-03-05,2021,3,4,20210305
51.0,2021-03-05,2021,3,4,20210305
78.0,2021-03-05,2021,3,4,20210305
50.0,2021-03-05,2021,3,4,20210305
53.0,2021-03-05,2021,3,4,20210305
55.0,2021-03-05,2021,3,4,20210305
54.0,2021-03-05,2021,3,4,20210305
56.0,2021-03-05,2021,3,4,20210305
2.0,2021-03-04,2021,3,3,20210304
1.0,2021-03-04,2021,3,3,20210304
5.0,2021-03-04,2021,3,3,20210304
60.0,2021-03-04,2021,3,3,20210304
4.0,2021-03-04,2021,3,3,20210304
6.0,2021-03-04,2021,3,3,20210304
8.0,2021-03-04,2021,3,3,20210304
9.0,2021-03-04,2021,3,3,20210304
11.0,2021-03-04,2021,3,3,20210304
10.0,2021-03-04,2021,3,3,20210304
12.0,2021-03-04,2021,3,3,20210304
13.0,2021-03-04,2021,3,3,20210304
66.0,2021-03-04,2021,3,3,20210304
15.0,2021-03-04,2021,3,3,20210304
19.0,2021-03-04,2021,3,3,20210304
16.0,2021-03-04,2021,3,3,20210304
17.0,2021-03-04,2021,3,3,20210304
18.0,2021-03-04,2021,3,3,20210304
20.0,2021-03-04,2021,3,3,20210304
21.0,2021-03-04,2021,3,3,20210304
22.0,2021-03-04,2021,3,3,20210304
25.0,2021-03-04,2021,3,3,20210304
24.0,2021-03-04,2021,3,3,20210304
23.0,2021-03-04,2021,3,3,20210304
26.0,2021-03-04,2021,3,3,20210304
27.0,2021-03-04,2021,3,3,20210304
29.0,2021-03-04,2021,3,3,20210304
69.0,2021-03-04,2021,3,3,20210304
28.0,2021-03-04,2021,3,3,20210304
30.0,2021-03-04,2021,3,3,20210304
37.0,2021-03-04,2021,3,3,20210304
38.0,2021-03-04,2021,3,3,20210304
31.0,2021-03-04,2021,3,3,20210304
33.0,2021-03-04,2021,3,3,20210304
34.0,2021-03-04,2021,3,3,20210304
35.0,2021-03-04,2021,3,3,20210304
32.0,2021-03-04,2021,3,3,20210304
36.0,2021-03-04,2021,3,3,20210304
39.0,2021-03-04,2021,3,3,20210304
40.0,2021-03-04,2021,3,3,20210304
41.0,2021-03-04,2021,3,3,20210304
42.0,2021-03-04,2021,3,3,20210304
72.0,2021-03-04,2021,3,3,20210304
44.0,2021-03-04,2021,3,3,20210304
45.0,2021-03-04,2021,3,3,20210304
46.0,2021-03-04,2021,3,3,20210304
47.0,2021-03-04,2021,3,3,20210304
48.0,2021-03-04,2021,3,3,20210304
49.0,2021-03-04,2021,3,3,20210304
51.0,2021-03-04,2021,3,3,20210304
78.0,2021-03-04,2021,3,3,20210304
50.0,2021-03-04,2021,3,3,20210304
53.0,2021-03-04,2021,3,3,20210304
55.0,2021-03-04,2021,3,3,20210304
54.0,2021-03-04,2021,3,3,20210304
56.0,2021-03-04,2021,3,3,20210304
2.0,2021-03-03,2021,3,2,20210303
1.0,2021-03-03,2021,3,2,20210303
5.0,2021-03-03,2021,3,2,20210303
60.0,2021-03-03,2021,3,2,20210303
4.0,2021-03-03,2021,3,2,20210303
6.0,2021-03-03,2021,3,2,20210303
8.0,2021-03-03,2021,3,2,20210303
9.0,2021-03-03,2021,3,2,20210303
11.0,2021-03-03,2021,3,2,20210303
10.0,2021-03-03,2021,3,2,20210303
12.0,2021-03-03,2021,3,2,20210303
13.0,2021-03-03,2021,3,2,20210303
66.0,2021-03-03,2021,3,2,20210303
15.0,2021-03-03,2021,3,2,20210303
19.0,2021-03-03,2021,3,2,20210303
16.0,2021-03-03,2021,3,2,20210303
17.0,2021-03-03,2021,3,2,20210303
18.0,2021-03-03,2021,3,2,20210303
20.0,2021-03-03,2021,3,2,20210303
21.0,2021-03-03,2021,3,2,20210303
22.0,2021-03-03,2021,3,2,20210303
25.0,2021-03-03,2021,3,2,20210303
24.0,2021-03-03,2021,3,2,20210303
23.0,2021-03-03,2021,3,2,20210303
26.0,2021-03-03,2021,3,2,20210303
27.0,2021-03-03,2021,3,2,20210303
29.0,2021-03-03,2021,3,2,20210303
69.0,2021-03-03,2021,3,2,20210303
28.0,2021-03-03,2021,3,2,20210303
30.0,2021-03-03,2021,3,2,20210303
37.0,2021-03-03,2021,3,2,20210303
38.0,2021-03-03,2021,3,2,20210303
31.0,2021-03-03,2021,3,2,20210303
33.0,2021-03-03,2021,3,2,20210303
34.0,2021-03-03,2021,3,2,20210303
35.0,2021-03-03,2021,3,2,20210303
32.0,2021-03-03,2021,3,2,20210303
36.0,2021-03-03,2021,3,2,20210303
39.0,2021-03-03,2021,3,2,20210303
40.0,2021-03-03,2021,3,2,20210303
41.0,2021-03-03,2021,3,2,20210303
42.0,2021-03-03,2021,3,2,20210303
72.0,2021-03-03,2021,3,2,20210303
44.0,2021-03-03,2021,3,2,20210303
45.0,2021-03-03,2021,3,2,20210303
46.0,2021-03-03,2021,3,2,20210303
47.0,2021-03-03,2021,3,2,20210303
48.0,2021-03-03,2021,3,2,20210303
49.0,2021-03-03,2021,3,2,20210303
51.0,2021-03-03,2021,3,2,20210303
78.0,2021-03-03,2021,3,2,20210303
50.0,2021-03-03,2021,3,2,20210303
53.0,2021-03-03,2021,3,2,20210303
55.0,2021-03-03,2021,3,2,20210303
54.0,2021-03-03,2021,3,2,20210303
56.0,2021-03-03,2021,3,2,20210303
2.0,2021-03-02,2021,3,1,20210302
1.0,2021-03-02,2021,3,1,20210302
5.0,2021-03-02,2021,3,1,20210302
60.0,2021-03-02,2021,3,1,20210302
4.0,2021-03-02,2021,3,1,20210302
6.0,2021-03-02,2021,3,1,20210302
8.0,2021-03-02,2021,3,1,20210302
9.0,2021-03-02,2021,3,1,20210302
11.0,2021-03-02,2021,3,1,20210302
10.0,2021-03-02,2021,3,1,20210302
12.0,2021-03-02,2021,3,1,20210302
13.0,2021-03-02,2021,3,1,20210302
66.0,2021-03-02,2021,3,1,20210302
15.0,2021-03-02,2021,3,1,20210302
19.0,2021-03-02,2021,3,1,20210302
16.0,2021-03-02,2021,3,1,20210302
17.0,2021-03-02,2021,3,1,20210302
18.0,2021-03-02,2021,3,1,20210302
20.0,2021-03-02,2021,3,1,20210302
21.0,2021-03-02,2021,3,1,20210302
22.0,2021-03-02,2021,3,1,20210302
25.0,2021-03-02,2021,3,1,20210302
24.0,2021-03-02,2021,3,1,20210302
23.0,2021-03-02,2021,3,1,20210302
26.0,2021-03-02,2021,3,1,20210302
27.0,2021-03-02,2021,3,1,20210302
29.0,2021-03-02,2021,3,1,20210302
69.0,2021-03-02,2021,3,1,20210302
28.0,2021-03-02,2021,3,1,20210302
30.0,2021-03-02,2021,3,1,20210302
37.0,2021-03-02,2021,3,1,20210302
38.0,2021-03-02,2021,3,1,20210302
31.0,2021-03-02,2021,3,1,20210302
33.0,2021-03-02,2021,3,1,20210302
34.0,2021-03-02,2021,3,1,20210302
35.0,2021-03-02,2021,3,1,20210302
32.0,2021-03-02,2021,3,1,20210302
36.0,2021-03-02,2021,3,1,20210302
39.0,2021-03-02,2021,3,1,20210302
40.0,2021-03-02,2021,3,1,20210302
41.0,2021-03-02,2021,3,1,20210302
42.0,2021-03-02,2021,3,1,20210302
72.0,2021-03-02,2021,3,1,20210302
44.0,2021-03-02,2021,3,1,20210302
45.0,2021-03-02,2021,3,1,20210302
46.0,2021-03-02,2021,3,1,20210302
47.0,2021-03-02,2021,3,1,20210302
48.0,2021-03-02,2021,3,1,20210302
49.0,2021-03-02,2021,3,1,20210302
51.0,2021-03-02,2021,3,1,20210302
78.0,2021-03-02,2021,3,1,20210302
50.0,2021-03-02,2021,3,1,20210302
53.0,2021-03-02,2021,3,1,20210302
55.0,2021-03-02,2021,3,1,20210302
54.0,2021-03-02,2021,3,1,20210302
56.0,2021-03-02,2021,3,1,20210302
2.0,2021-03-01,2021,3,0,20210301
1.0,2021-03-01,2021,3,0,20210301
5.0,2021-03-01,2021,3,0,20210301
60.0,2021-03-01,2021,3,0,20210301
4.0,2021-03-01,2021,3,0,20210301
6.0,2021-03-01,2021,3,0,20210301
8.0,2021-03-01,2021,3,0,20210301
9.0,2021-03-01,2021,3,0,20210301
11.0,2021-03-01,2021,3,0,20210301
10.0,2021-03-01,2021,3,0,20210301
12.0,2021-03-01,2021,3,0,20210301
13.0,2021-03-01,2021,3,0,20210301
66.0,2021-03-01,2021,3,0,20210301
15.0,2021-03-01,2021,3,0,20210301
19.0,2021-03-01,2021,3,0,20210301
16.0,2021-03-01,2021,3,0,20210301
17.0,2021-03-01,2021,3,0,20210301
18.0,2021-03-01,2021,3,0,20210301
20.0,2021-03-01,2021,3,0,20210301
21.0,2021-03-01,2021,3,0,20210301
22.0,2021-03-01,2021,3,0,20210301
25.0,2021-03-01,2021,3,0,20210301
24.0,2021-03-01,2021,3,0,20210301
23.0,2021-03-01,2021,3,0,20210301
26.0,2021-03-01,2021,3,0,20210301
27.0,2021-03-01,2021,3,0,20210301
29.0,2021-03-01,2021,3,0,20210301
69.0,2021-03-01,2021,3,0,20210301
28.0,2021-03-01,2021,3,0,20210301
30.0,2021-03-01,2021,3,0,20210301
37.0,2021-03-01,2021,3,0,20210301
38.0,2021-03-01,2021,3,0,20210301
31.0,2021-03-01,2021,3,0,20210301
33.0,2021-03-01,2021,3,0,20210301
34.0,2021-03-01,2021,3,0,20210301
35.0,2021-03-01,2021,3,0,20210301
32.0,2021-03-01,2021,3,0,20210301
36.0,2021-03-01,2021,3,0,20210301
39.0,2021-03-01,2021,3,0,20210301
40.0,2021-03-01,2021,3,0,20210301
41.0,2021-03-01,2021,3,0,20210301
42.0,2021-03-01,2021,3,0,20210301
72.0,2021-03-01,2021,3,0,20210301
44.0,2021-03-01,2021,3,0,20210301
45.0,2021-03-01,2021,3,0,20210301
46.0,2021-03-01,2021,3,0,20210301
47.0,2021-03-01,2021,3,0,20210301
48.0,2021-03-01,2021,3,0,20210301
49.0,2021-03-01,2021,3,0,20210301
51.0,2021-03-01,2021,3,0,20210301
78.0,2021-03-01,2021,3,0,20210301
50.0,2021-03-01,2021,3,0,20210301
53.0,2021-03-01,2021,3,0,20210301
55.0,2021-03-01,2021,3,0,20210301
54.0,2021-03-01,2021,3,0,20210301
56.0,2021-03-01,2021,3,0,20210301
2.0,2021-02-28,2021,2,6,20210228
1.0,2021-02-28,2021,2,6,20210228
5.0,2021-02-28,2021,2,6,20210228
60.0,2021-02-28,2021,2,6,20210228
4.0,2021-02-28,2021,2,6,20210228
6.0,2021-02-28,2021,2,6,20210228
8.0,2021-02-28,2021,2,6,20210228
9.0,2021-02-28,2021,2,6,20210228
11.0,2021-02-28,2021,2,6,20210228
10.0,2021-02-28,2021,2,6,20210228
12.0,2021-02-28,2021,2,6,20210228
13.0,2021-02-28,2021,2,6,20210228
66.0,2021-02-28,2021,2,6,20210228
15.0,2021-02-28,2021,2,6,20210228
19.0,2021-02-28,2021,2,6,20210228
16.0,2021-02-28,2021,2,6,20210228
17.0,2021-02-28,2021,2,6,20210228
18.0,2021-02-28,2021,2,6,20210228
20.0,2021-02-28,2021,2,6,20210228
21.0,2021-02-28,2021,2,6,20210228
22.0,2021-02-28,2021,2,6,20210228
25.0,2021-02-28,2021,2,6,20210228
24.0,2021-02-28,2021,2,6,20210228
23.0,2021-02-28,2021,2,6,20210228
26.0,2021-02-28,2021,2,6,20210228
27.0,2021-02-28,2021,2,6,20210228
29.0,2021-02-28,2021,2,6,20210228
69.0,2021-02-28,2021,2,6,20210228
28.0,2021-02-28,2021,2,6,20210228
30.0,2021-02-28,2021,2,6,20210228
37.0,2021-02-28,2021,2,6,20210228
38.0,2021-02-28,2021,2,6,20210228
31.0,2021-02-28,2021,2,6,20210228
33.0,2021-02-28,2021,2,6,20210228
34.0,2021-02-28,2021,2,6,20210228
35.0,2021-02-28,2021,2,6,20210228
32.0,2021-02-28,2021,2,6,20210228
36.0,2021-02-28,2021,2,6,20210228
39.0,2021-02-28,2021,2,6,20210228
40.0,2021-02-28,2021,2,6,20210228
41.0,2021-02-28,2021,2,6,20210228
42.0,2021-02-28,2021,2,6,20210228
72.0,2021-02-28,2021,2,6,20210228
44.0,2021-02-28,2021,2,6,20210228
45.0,2021-02-28,2021,2,6,20210228
46.0,2021-02-28,2021,2,6,20210228
47.0,2021-02-28,2021,2,6,20210228
48.0,2021-02-28,2021,2,6,20210228
49.0,2021-02-28,2021,2,6,20210228
51.0,2021-02-28,2021,2,6,20210228
78.0,2021-02-28,2021,2,6,20210228
50.0,2021-02-28,2021,2,6,20210228
53.0,2021-02-28,2021,2,6,20210228
55.0,2021-02-28,2021,2,6,20210228
54.0,2021-02-28,2021,2,6,20210228
56.0,2021-02-28,2021,2,6,20210228
2.0,2021-02-27,2021,2,5,20210227
1.0,2021-02-27,2021,2,5,20210227
5.0,2021-02-27,2021,2,5,20210227
60.0,2021-02-27,2021,2,5,20210227
4.0,2021-02-27,2021,2,5,20210227
6.0,2021-02-27,2021,2,5,20210227
8.0,2021-02-27,2021,2,5,20210227
9.0,2021-02-27,2021,2,5,20210227
11.0,2021-02-27,2021,2,5,20210227
10.0,2021-02-27,2021,2,5,20210227
12.0,2021-02-27,2021,2,5,20210227
13.0,2021-02-27,2021,2,5,20210227
66.0,2021-02-27,2021,2,5,20210227
15.0,2021-02-27,2021,2,5,20210227
19.0,2021-02-27,2021,2,5,20210227
16.0,2021-02-27,2021,2,5,20210227
17.0,2021-02-27,2021,2,5,20210227
18.0,2021-02-27,2021,2,5,20210227
20.0,2021-02-27,2021,2,5,20210227
21.0,2021-02-27,2021,2,5,20210227
22.0,2021-02-27,2021,2,5,20210227
25.0,2021-02-27,2021,2,5,20210227
24.0,2021-02-27,2021,2,5,20210227
23.0,2021-02-27,2021,2,5,20210227
26.0,2021-02-27,2021,2,5,20210227
27.0,2021-02-27,2021,2,5,20210227
29.0,2021-02-27,2021,2,5,20210227
69.0,2021-02-27,2021,2,5,20210227
28.0,2021-02-27,2021,2,5,20210227
30.0,2021-02-27,2021,2,5,20210227
37.0,2021-02-27,2021,2,5,20210227
38.0,2021-02-27,2021,2,5,20210227
31.0,2021-02-27,2021,2,5,20210227
33.0,2021-02-27,2021,2,5,20210227
34.0,2021-02-27,2021,2,5,20210227
35.0,2021-02-27,2021,2,5,20210227
32.0,2021-02-27,2021,2,5,20210227
36.0,2021-02-27,2021,2,5,20210227
39.0,2021-02-27,2021,2,5,20210227
40.0,2021-02-27,2021,2,5,20210227
41.0,2021-02-27,2021,2,5,20210227
42.0,2021-02-27,2021,2,5,20210227
72.0,2021-02-27,2021,2,5,20210227
44.0,2021-02-27,2021,2,5,20210227
45.0,2021-02-27,2021,2,5,20210227
46.0,2021-02-27,2021,2,5,20210227
47.0,2021-02-27,2021,2,5,20210227
48.0,2021-02-27,2021,2,5,20210227
49.0,2021-02-27,2021,2,5,20210227
51.0,2021-02-27,2021,2,5,20210227
78.0,2021-02-27,2021,2,5,20210227
50.0,2021-02-27,2021,2,5,20210227
53.0,2021-02-27,2021,2,5,20210227
55.0,2021-02-27,2021,2,5,20210227
54.0,2021-02-27,2021,2,5,20210227
56.0,2021-02-27,2021,2,5,20210227
2.0,2021-02-26,2021,2,4,20210226
1.0,2021-02-26,2021,2,4,20210226
5.0,2021-02-26,2021,2,4,20210226
60.0,2021-02-26,2021,2,4,20210226
4.0,2021-02-26,2021,2,4,20210226
6.0,2021-02-26,2021,2,4,20210226
8.0,2021-02-26,2021,2,4,20210226
9.0,2021-02-26,2021,2,4,20210226
11.0,2021-02-26,2021,2,4,20210226
10.0,2021-02-26,2021,2,4,20210226
12.0,2021-02-26,2021,2,4,20210226
13.0,2021-02-26,2021,2,4,20210226
66.0,2021-02-26,2021,2,4,20210226
15.0,2021-02-26,2021,2,4,20210226
19.0,2021-02-26,2021,2,4,20210226
16.0,2021-02-26,2021,2,4,20210226
17.0,2021-02-26,2021,2,4,20210226
18.0,2021-02-26,2021,2,4,20210226
20.0,2021-02-26,2021,2,4,20210226
21.0,2021-02-26,2021,2,4,20210226
22.0,2021-02-26,2021,2,4,20210226
25.0,2021-02-26,2021,2,4,20210226
24.0,2021-02-26,2021,2,4,20210226
23.0,2021-02-26,2021,2,4,20210226
26.0,2021-02-26,2021,2,4,20210226
27.0,2021-02-26,2021,2,4,20210226
29.0,2021-02-26,2021,2,4,20210226
69.0,2021-02-26,2021,2,4,20210226
28.0,2021-02-26,2021,2,4,20210226
30.0,2021-02-26,2021,2,4,20210226
37.0,2021-02-26,2021,2,4,20210226
38.0,2021-02-26,2021,2,4,20210226
31.0,2021-02-26,2021,2,4,20210226
33.0,2021-02-26,2021,2,4,20210226
34.0,2021-02-26,2021,2,4,20210226
35.0,2021-02-26,2021,2,4,20210226
32.0,2021-02-26,2021,2,4,20210226
36.0,2021-02-26,2021,2,4,20210226
39.0,2021-02-26,2021,2,4,20210226
40.0,2021-02-26,2021,2,4,20210226
41.0,2021-02-26,2021,2,4,20210226
42.0,2021-02-26,2021,2,4,20210226
72.0,2021-02-26,2021,2,4,20210226
44.0,2021-02-26,2021,2,4,20210226
45.0,2021-02-26,2021,2,4,20210226
46.0,2021-02-26,2021,2,4,20210226
47.0,2021-02-26,2021,2,4,20210226
48.0,2021-02-26,2021,2,4,20210226
49.0,2021-02-26,2021,2,4,20210226
51.0,2021-02-26,2021,2,4,20210226
78.0,2021-02-26,2021,2,4,20210226
50.0,2021-02-26,2021,2,4,20210226
53.0,2021-02-26,2021,2,4,20210226
55.0,2021-02-26,2021,2,4,20210226
54.0,2021-02-26,2021,2,4,20210226
56.0,2021-02-26,2021,2,4,20210226
2.0,2021-02-25,2021,2,3,20210225
1.0,2021-02-25,2021,2,3,20210225
5.0,2021-02-25,2021,2,3,20210225
60.0,2021-02-25,2021,2,3,20210225
4.0,2021-02-25,2021,2,3,20210225
6.0,2021-02-25,2021,2,3,20210225
8.0,2021-02-25,2021,2,3,20210225
9.0,2021-02-25,2021,2,3,20210225
11.0,2021-02-25,2021,2,3,20210225
10.0,2021-02-25,2021,2,3,20210225
12.0,2021-02-25,2021,2,3,20210225
13.0,2021-02-25,2021,2,3,20210225
66.0,2021-02-25,2021,2,3,20210225
15.0,2021-02-25,2021,2,3,20210225
19.0,2021-02-25,2021,2,3,20210225
16.0,2021-02-25,2021,2,3,20210225
17.0,2021-02-25,2021,2,3,20210225
18.0,2021-02-25,2021,2,3,20210225
20.0,2021-02-25,2021,2,3,20210225
21.0,2021-02-25,2021,2,3,20210225
22.0,2021-02-25,2021,2,3,20210225
25.0,2021-02-25,2021,2,3,20210225
24.0,2021-02-25,2021,2,3,20210225
23.0,2021-02-25,2021,2,3,20210225
26.0,2021-02-25,2021,2,3,20210225
27.0,2021-02-25,2021,2,3,20210225
29.0,2021-02-25,2021,2,3,20210225
69.0,2021-02-25,2021,2,3,20210225
28.0,2021-02-25,2021,2,3,20210225
30.0,2021-02-25,2021,2,3,20210225
37.0,2021-02-25,2021,2,3,20210225
38.0,2021-02-25,2021,2,3,20210225
31.0,2021-02-25,2021,2,3,20210225
33.0,2021-02-25,2021,2,3,20210225
34.0,2021-02-25,2021,2,3,20210225
35.0,2021-02-25,2021,2,3,20210225
32.0,2021-02-25,2021,2,3,20210225
36.0,2021-02-25,2021,2,3,20210225
39.0,2021-02-25,2021,2,3,20210225
40.0,2021-02-25,2021,2,3,20210225
41.0,2021-02-25,2021,2,3,20210225
42.0,2021-02-25,2021,2,3,20210225
72.0,2021-02-25,2021,2,3,20210225
44.0,2021-02-25,2021,2,3,20210225
45.0,2021-02-25,2021,2,3,20210225
46.0,2021-02-25,2021,2,3,20210225
47.0,2021-02-25,2021,2,3,20210225
48.0,2021-02-25,2021,2,3,20210225
49.0,2021-02-25,2021,2,3,20210225
51.0,2021-02-25,2021,2,3,20210225
78.0,2021-02-25,2021,2,3,20210225
50.0,2021-02-25,2021,2,3,20210225
53.0,2021-02-25,2021,2,3,20210225
55.0,2021-02-25,2021,2,3,20210225
54.0,2021-02-25,2021,2,3,20210225
56.0,2021-02-25,2021,2,3,20210225
2.0,2021-02-24,2021,2,2,20210224
1.0,2021-02-24,2021,2,2,20210224
5.0,2021-02-24,2021,2,2,20210224
60.0,2021-02-24,2021,2,2,20210224
4.0,2021-02-24,2021,2,2,20210224
6.0,2021-02-24,2021,2,2,20210224
8.0,2021-02-24,2021,2,2,20210224
9.0,2021-02-24,2021,2,2,20210224
11.0,2021-02-24,2021,2,2,20210224
10.0,2021-02-24,2021,2,2,20210224
12.0,2021-02-24,2021,2,2,20210224
13.0,2021-02-24,2021,2,2,20210224
66.0,2021-02-24,2021,2,2,20210224
15.0,2021-02-24,2021,2,2,20210224
19.0,2021-02-24,2021,2,2,20210224
16.0,2021-02-24,2021,2,2,20210224
17.0,2021-02-24,2021,2,2,20210224
18.0,2021-02-24,2021,2,2,20210224
20.0,2021-02-24,2021,2,2,20210224
21.0,2021-02-24,2021,2,2,20210224
22.0,2021-02-24,2021,2,2,20210224
25.0,2021-02-24,2021,2,2,20210224
24.0,2021-02-24,2021,2,2,20210224
23.0,2021-02-24,2021,2,2,20210224
26.0,2021-02-24,2021,2,2,20210224
27.0,2021-02-24,2021,2,2,20210224
29.0,2021-02-24,2021,2,2,20210224
69.0,2021-02-24,2021,2,2,20210224
28.0,2021-02-24,2021,2,2,20210224
30.0,2021-02-24,2021,2,2,20210224
37.0,2021-02-24,2021,2,2,20210224
38.0,2021-02-24,2021,2,2,20210224
31.0,2021-02-24,2021,2,2,20210224
33.0,2021-02-24,2021,2,2,20210224
34.0,2021-02-24,2021,2,2,20210224
35.0,2021-02-24,2021,2,2,20210224
32.0,2021-02-24,2021,2,2,20210224
36.0,2021-02-24,2021,2,2,20210224
39.0,2021-02-24,2021,2,2,20210224
40.0,2021-02-24,2021,2,2,20210224
41.0,2021-02-24,2021,2,2,20210224
42.0,2021-02-24,2021,2,2,20210224
72.0,2021-02-24,2021,2,2,20210224
44.0,2021-02-24,2021,2,2,20210224
45.0,2021-02-24,2021,2,2,20210224
46.0,2021-02-24,2021,2,2,20210224
47.0,2021-02-24,2021,2,2,20210224
48.0,2021-02-24,2021,2,2,20210224
49.0,2021-02-24,2021,2,2,20210224
51.0,2021-02-24,2021,2,2,20210224
78.0,2021-02-24,2021,2,2,20210224
50.0,2021-02-24,2021,2,2,20210224
53.0,2021-02-24,2021,2,2,20210224
55.0,2021-02-24,2021,2,2,20210224
54.0,2021-02-24,2021,2,2,20210224
56.0,2021-02-24,2021,2,2,20210224
2.0,2021-02-23,2021,2,1,20210223
1.0,2021-02-23,2021,2,1,20210223
5.0,2021-02-23,2021,2,1,20210223
60.0,2021-02-23,2021,2,1,20210223
4.0,2021-02-23,2021,2,1,20210223
6.0,2021-02-23,2021,2,1,20210223
8.0,2021-02-23,2021,2,1,20210223
9.0,2021-02-23,2021,2,1,20210223
11.0,2021-02-23,2021,2,1,20210223
10.0,2021-02-23,2021,2,1,20210223
12.0,2021-02-23,2021,2,1,20210223
13.0,2021-02-23,2021,2,1,20210223
66.0,2021-02-23,2021,2,1,20210223
15.0,2021-02-23,2021,2,1,20210223
19.0,2021-02-23,2021,2,1,20210223
16.0,2021-02-23,2021,2,1,20210223
17.0,2021-02-23,2021,2,1,20210223
18.0,2021-02-23,2021,2,1,20210223
20.0,2021-02-23,2021,2,1,20210223
21.0,2021-02-23,2021,2,1,20210223
22.0,2021-02-23,2021,2,1,20210223
25.0,2021-02-23,2021,2,1,20210223
24.0,2021-02-23,2021,2,1,20210223
23.0,2021-02-23,2021,2,1,20210223
26.0,2021-02-23,2021,2,1,20210223
27.0,2021-02-23,2021,2,1,20210223
29.0,2021-02-23,2021,2,1,20210223
69.0,2021-02-23,2021,2,1,20210223
28.0,2021-02-23,2021,2,1,20210223
30.0,2021-02-23,2021,2,1,20210223
37.0,2021-02-23,2021,2,1,20210223
38.0,2021-02-23,2021,2,1,20210223
31.0,2021-02-23,2021,2,1,20210223
33.0,2021-02-23,2021,2,1,20210223
34.0,2021-02-23,2021,2,1,20210223
35.0,2021-02-23,2021,2,1,20210223
32.0,2021-02-23,2021,2,1,20210223
36.0,2021-02-23,2021,2,1,20210223
39.0,2021-02-23,2021,2,1,20210223
40.0,2021-02-23,2021,2,1,20210223
41.0,2021-02-23,2021,2,1,20210223
42.0,2021-02-23,2021,2,1,20210223
72.0,2021-02-23,2021,2,1,20210223
44.0,2021-02-23,2021,2,1,20210223
45.0,2021-02-23,2021,2,1,20210223
46.0,2021-02-23,2021,2,1,20210223
47.0,2021-02-23,2021,2,1,20210223
48.0,2021-02-23,2021,2,1,20210223
49.0,2021-02-23,2021,2,1,20210223
51.0,2021-02-23,2021,2,1,20210223
78.0,2021-02-23,2021,2,1,20210223
50.0,2021-02-23,2021,2,1,20210223
53.0,2021-02-23,2021,2,1,20210223
55.0,2021-02-23,2021,2,1,20210223
54.0,2021-02-23,2021,2,1,20210223
56.0,2021-02-23,2021,2,1,20210223
2.0,2021-02-22,2021,2,0,20210222
1.0,2021-02-22,2021,2,0,20210222
5.0,2021-02-22,2021,2,0,20210222
60.0,2021-02-22,2021,2,0,20210222
4.0,2021-02-22,2021,2,0,20210222
6.0,2021-02-22,2021,2,0,20210222
8.0,2021-02-22,2021,2,0,20210222
9.0,2021-02-22,2021,2,0,20210222
11.0,2021-02-22,2021,2,0,20210222
10.0,2021-02-22,2021,2,0,20210222
12.0,2021-02-22,2021,2,0,20210222
13.0,2021-02-22,2021,2,0,20210222
66.0,2021-02-22,2021,2,0,20210222
15.0,2021-02-22,2021,2,0,20210222
19.0,2021-02-22,2021,2,0,20210222
16.0,2021-02-22,2021,2,0,20210222
17.0,2021-02-22,2021,2,0,20210222
18.0,2021-02-22,2021,2,0,20210222
20.0,2021-02-22,2021,2,0,20210222
21.0,2021-02-22,2021,2,0,20210222
22.0,2021-02-22,2021,2,0,20210222
25.0,2021-02-22,2021,2,0,20210222
24.0,2021-02-22,2021,2,0,20210222
23.0,2021-02-22,2021,2,0,20210222
26.0,2021-02-22,2021,2,0,20210222
27.0,2021-02-22,2021,2,0,20210222
29.0,2021-02-22,2021,2,0,20210222
69.0,2021-02-22,2021,2,0,20210222
28.0,2021-02-22,2021,2,0,20210222
30.0,2021-02-22,2021,2,0,20210222
37.0,2021-02-22,2021,2,0,20210222
38.0,2021-02-22,2021,2,0,20210222
31.0,2021-02-22,2021,2,0,20210222
33.0,2021-02-22,2021,2,0,20210222
34.0,2021-02-22,2021,2,0,20210222
35.0,2021-02-22,2021,2,0,20210222
32.0,2021-02-22,2021,2,0,20210222
36.0,2021-02-22,2021,2,0,20210222
39.0,2021-02-22,2021,2,0,20210222
40.0,2021-02-22,2021,2,0,20210222
41.0,2021-02-22,2021,2,0,20210222
42.0,2021-02-22,2021,2,0,20210222
72.0,2021-02-22,2021,2,0,20210222
44.0,2021-02-22,2021,2,0,20210222
45.0,2021-02-22,2021,2,0,20210222
46.0,2021-02-22,2021,2,0,20210222
47.0,2021-02-22,2021,2,0,20210222
48.0,2021-02-22,2021,2,0,20210222
49.0,2021-02-22,2021,2,0,20210222
51.0,2021-02-22,2021,2,0,20210222
78.0,2021-02-22,2021,2,0,20210222
50.0,2021-02-22,2021,2,0,20210222
53.0,2021-02-22,2021,2,0,20210222
55.0,2021-02-22,2021,2,0,20210222
54.0,2021-02-22,2021,2,0,20210222
56.0,2021-02-22,2021,2,0,20210222
2.0,2021-02-21,2021,2,6,20210221
1.0,2021-02-21,2021,2,6,20210221
5.0,2021-02-21,2021,2,6,20210221
60.0,2021-02-21,2021,2,6,20210221
4.0,2021-02-21,2021,2,6,20210221
6.0,2021-02-21,2021,2,6,20210221
8.0,2021-02-21,2021,2,6,20210221
9.0,2021-02-21,2021,2,6,20210221
11.0,2021-02-21,2021,2,6,20210221
10.0,2021-02-21,2021,2,6,20210221
12.0,2021-02-21,2021,2,6,20210221
13.0,2021-02-21,2021,2,6,20210221
66.0,2021-02-21,2021,2,6,20210221
15.0,2021-02-21,2021,2,6,20210221
19.0,2021-02-21,2021,2,6,20210221
16.0,2021-02-21,2021,2,6,20210221
17.0,2021-02-21,2021,2,6,20210221
18.0,2021-02-21,2021,2,6,20210221
20.0,2021-02-21,2021,2,6,20210221
21.0,2021-02-21,2021,2,6,20210221
22.0,2021-02-21,2021,2,6,20210221
25.0,2021-02-21,2021,2,6,20210221
24.0,2021-02-21,2021,2,6,20210221
23.0,2021-02-21,2021,2,6,20210221
26.0,2021-02-21,2021,2,6,20210221
27.0,2021-02-21,2021,2,6,20210221
29.0,2021-02-21,2021,2,6,20210221
69.0,2021-02-21,2021,2,6,20210221
28.0,2021-02-21,2021,2,6,20210221
30.0,2021-02-21,2021,2,6,20210221
37.0,2021-02-21,2021,2,6,20210221
38.0,2021-02-21,2021,2,6,20210221
31.0,2021-02-21,2021,2,6,20210221
33.0,2021-02-21,2021,2,6,20210221
34.0,2021-02-21,2021,2,6,20210221
35.0,2021-02-21,2021,2,6,20210221
32.0,2021-02-21,2021,2,6,20210221
36.0,2021-02-21,2021,2,6,20210221
39.0,2021-02-21,2021,2,6,20210221
40.0,2021-02-21,2021,2,6,20210221
41.0,2021-02-21,2021,2,6,20210221
42.0,2021-02-21,2021,2,6,20210221
72.0,2021-02-21,2021,2,6,20210221
44.0,2021-02-21,2021,2,6,20210221
45.0,2021-02-21,2021,2,6,20210221
46.0,2021-02-21,2021,2,6,20210221
47.0,2021-02-21,2021,2,6,20210221
48.0,2021-02-21,2021,2,6,20210221
49.0,2021-02-21,2021,2,6,20210221
51.0,2021-02-21,2021,2,6,20210221
78.0,2021-02-21,2021,2,6,20210221
50.0,2021-02-21,2021,2,6,20210221
53.0,2021-02-21,2021,2,6,20210221
55.0,2021-02-21,2021,2,6,20210221
54.0,2021-02-21,2021,2,6,20210221
56.0,2021-02-21,2021,2,6,20210221
2.0,2021-02-20,2021,2,5,20210220
1.0,2021-02-20,2021,2,5,20210220
5.0,2021-02-20,2021,2,5,20210220
60.0,2021-02-20,2021,2,5,20210220
4.0,2021-02-20,2021,2,5,20210220
6.0,2021-02-20,2021,2,5,20210220
8.0,2021-02-20,2021,2,5,20210220
9.0,2021-02-20,2021,2,5,20210220
11.0,2021-02-20,2021,2,5,20210220
10.0,2021-02-20,2021,2,5,20210220
12.0,2021-02-20,2021,2,5,20210220
13.0,2021-02-20,2021,2,5,20210220
66.0,2021-02-20,2021,2,5,20210220
15.0,2021-02-20,2021,2,5,20210220
19.0,2021-02-20,2021,2,5,20210220
16.0,2021-02-20,2021,2,5,20210220
17.0,2021-02-20,2021,2,5,20210220
18.0,2021-02-20,2021,2,5,20210220
20.0,2021-02-20,2021,2,5,20210220
21.0,2021-02-20,2021,2,5,20210220
22.0,2021-02-20,2021,2,5,20210220
25.0,2021-02-20,2021,2,5,20210220
24.0,2021-02-20,2021,2,5,20210220
23.0,2021-02-20,2021,2,5,20210220
26.0,2021-02-20,2021,2,5,20210220
27.0,2021-02-20,2021,2,5,20210220
29.0,2021-02-20,2021,2,5,20210220
69.0,2021-02-20,2021,2,5,20210220
28.0,2021-02-20,2021,2,5,20210220
30.0,2021-02-20,2021,2,5,20210220
37.0,2021-02-20,2021,2,5,20210220
38.0,2021-02-20,2021,2,5,20210220
31.0,2021-02-20,2021,2,5,20210220
33.0,2021-02-20,2021,2,5,20210220
34.0,2021-02-20,2021,2,5,20210220
35.0,2021-02-20,2021,2,5,20210220
32.0,2021-02-20,2021,2,5,20210220
36.0,2021-02-20,2021,2,5,20210220
39.0,2021-02-20,2021,2,5,20210220
40.0,2021-02-20,2021,2,5,20210220
41.0,2021-02-20,2021,2,5,20210220
42.0,2021-02-20,2021,2,5,20210220
72.0,2021-02-20,2021,2,5,20210220
44.0,2021-02-20,2021,2,5,20210220
45.0,2021-02-20,2021,2,5,20210220
46.0,2021-02-20,2021,2,5,20210220
47.0,2021-02-20,2021,2,5,20210220
48.0,2021-02-20,2021,2,5,20210220
49.0,2021-02-20,2021,2,5,20210220
51.0,2021-02-20,2021,2,5,20210220
78.0,2021-02-20,2021,2,5,20210220
50.0,2021-02-20,2021,2,5,20210220
53.0,2021-02-20,2021,2,5,20210220
55.0,2021-02-20,2021,2,5,20210220
54.0,2021-02-20,2021,2,5,20210220
56.0,2021-02-20,2021,2,5,20210220
2.0,2021-02-19,2021,2,4,20210219
1.0,2021-02-19,2021,2,4,20210219
5.0,2021-02-19,2021,2,4,20210219
60.0,2021-02-19,2021,2,4,20210219
4.0,2021-02-19,2021,2,4,20210219
6.0,2021-02-19,2021,2,4,20210219
8.0,2021-02-19,2021,2,4,20210219
9.0,2021-02-19,2021,2,4,20210219
11.0,2021-02-19,2021,2,4,20210219
10.0,2021-02-19,2021,2,4,20210219
12.0,2021-02-19,2021,2,4,20210219
13.0,2021-02-19,2021,2,4,20210219
66.0,2021-02-19,2021,2,4,20210219
15.0,2021-02-19,2021,2,4,20210219
19.0,2021-02-19,2021,2,4,20210219
16.0,2021-02-19,2021,2,4,20210219
17.0,2021-02-19,2021,2,4,20210219
18.0,2021-02-19,2021,2,4,20210219
20.0,2021-02-19,2021,2,4,20210219
21.0,2021-02-19,2021,2,4,20210219
22.0,2021-02-19,2021,2,4,20210219
25.0,2021-02-19,2021,2,4,20210219
24.0,2021-02-19,2021,2,4,20210219
23.0,2021-02-19,2021,2,4,20210219
26.0,2021-02-19,2021,2,4,20210219
27.0,2021-02-19,2021,2,4,20210219
29.0,2021-02-19,2021,2,4,20210219
69.0,2021-02-19,2021,2,4,20210219
28.0,2021-02-19,2021,2,4,20210219
30.0,2021-02-19,2021,2,4,20210219
37.0,2021-02-19,2021,2,4,20210219
38.0,2021-02-19,2021,2,4,20210219
31.0,2021-02-19,2021,2,4,20210219
33.0,2021-02-19,2021,2,4,20210219
34.0,2021-02-19,2021,2,4,20210219
35.0,2021-02-19,2021,2,4,20210219
32.0,2021-02-19,2021,2,4,20210219
36.0,2021-02-19,2021,2,4,20210219
39.0,2021-02-19,2021,2,4,20210219
40.0,2021-02-19,2021,2,4,20210219
41.0,2021-02-19,2021,2,4,20210219
42.0,2021-02-19,2021,2,4,20210219
72.0,2021-02-19,2021,2,4,20210219
44.0,2021-02-19,2021,2,4,20210219
45.0,2021-02-19,2021,2,4,20210219
46.0,2021-02-19,2021,2,4,20210219
47.0,2021-02-19,2021,2,4,20210219
48.0,2021-02-19,2021,2,4,20210219
49.0,2021-02-19,2021,2,4,20210219
51.0,2021-02-19,2021,2,4,20210219
78.0,2021-02-19,2021,2,4,20210219
50.0,2021-02-19,2021,2,4,20210219
53.0,2021-02-19,2021,2,4,20210219
55.0,2021-02-19,2021,2,4,20210219
54.0,2021-02-19,2021,2,4,20210219
56.0,2021-02-19,2021,2,4,20210219
2.0,2021-02-18,2021,2,3,20210218
1.0,2021-02-18,2021,2,3,20210218
5.0,2021-02-18,2021,2,3,20210218
60.0,2021-02-18,2021,2,3,20210218
4.0,2021-02-18,2021,2,3,20210218
6.0,2021-02-18,2021,2,3,20210218
8.0,2021-02-18,2021,2,3,20210218
9.0,2021-02-18,2021,2,3,20210218
11.0,2021-02-18,2021,2,3,20210218
10.0,2021-02-18,2021,2,3,20210218
12.0,2021-02-18,2021,2,3,20210218
13.0,2021-02-18,2021,2,3,20210218
66.0,2021-02-18,2021,2,3,20210218
15.0,2021-02-18,2021,2,3,20210218
19.0,2021-02-18,2021,2,3,20210218
16.0,2021-02-18,2021,2,3,20210218
17.0,2021-02-18,2021,2,3,20210218
18.0,2021-02-18,2021,2,3,20210218
20.0,2021-02-18,2021,2,3,20210218
21.0,2021-02-18,2021,2,3,20210218
22.0,2021-02-18,2021,2,3,20210218
25.0,2021-02-18,2021,2,3,20210218
24.0,2021-02-18,2021,2,3,20210218
23.0,2021-02-18,2021,2,3,20210218
26.0,2021-02-18,2021,2,3,20210218
27.0,2021-02-18,2021,2,3,20210218
29.0,2021-02-18,2021,2,3,20210218
69.0,2021-02-18,2021,2,3,20210218
28.0,2021-02-18,2021,2,3,20210218
30.0,2021-02-18,2021,2,3,20210218
37.0,2021-02-18,2021,2,3,20210218
38.0,2021-02-18,2021,2,3,20210218
31.0,2021-02-18,2021,2,3,20210218
33.0,2021-02-18,2021,2,3,20210218
34.0,2021-02-18,2021,2,3,20210218
35.0,2021-02-18,2021,2,3,20210218
32.0,2021-02-18,2021,2,3,20210218
36.0,2021-02-18,2021,2,3,20210218
39.0,2021-02-18,2021,2,3,20210218
40.0,2021-02-18,2021,2,3,20210218
41.0,2021-02-18,2021,2,3,20210218
42.0,2021-02-18,2021,2,3,20210218
72.0,2021-02-18,2021,2,3,20210218
44.0,2021-02-18,2021,2,3,20210218
45.0,2021-02-18,2021,2,3,20210218
46.0,2021-02-18,2021,2,3,20210218
47.0,2021-02-18,2021,2,3,20210218
48.0,2021-02-18,2021,2,3,20210218
49.0,2021-02-18,2021,2,3,20210218
51.0,2021-02-18,2021,2,3,20210218
78.0,2021-02-18,2021,2,3,20210218
50.0,2021-02-18,2021,2,3,20210218
53.0,2021-02-18,2021,2,3,20210218
55.0,2021-02-18,2021,2,3,20210218
54.0,2021-02-18,2021,2,3,20210218
56.0,2021-02-18,2021,2,3,20210218
2.0,2021-02-17,2021,2,2,20210217
1.0,2021-02-17,2021,2,2,20210217
5.0,2021-02-17,2021,2,2,20210217
60.0,2021-02-17,2021,2,2,20210217
4.0,2021-02-17,2021,2,2,20210217
6.0,2021-02-17,2021,2,2,20210217
8.0,2021-02-17,2021,2,2,20210217
9.0,2021-02-17,2021,2,2,20210217
11.0,2021-02-17,2021,2,2,20210217
10.0,2021-02-17,2021,2,2,20210217
12.0,2021-02-17,2021,2,2,20210217
13.0,2021-02-17,2021,2,2,20210217
66.0,2021-02-17,2021,2,2,20210217
15.0,2021-02-17,2021,2,2,20210217
19.0,2021-02-17,2021,2,2,20210217
16.0,2021-02-17,2021,2,2,20210217
17.0,2021-02-17,2021,2,2,20210217
18.0,2021-02-17,2021,2,2,20210217
20.0,2021-02-17,2021,2,2,20210217
21.0,2021-02-17,2021,2,2,20210217
22.0,2021-02-17,2021,2,2,20210217
25.0,2021-02-17,2021,2,2,20210217
24.0,2021-02-17,2021,2,2,20210217
23.0,2021-02-17,2021,2,2,20210217
26.0,2021-02-17,2021,2,2,20210217
27.0,2021-02-17,2021,2,2,20210217
29.0,2021-02-17,2021,2,2,20210217
69.0,2021-02-17,2021,2,2,20210217
28.0,2021-02-17,2021,2,2,20210217
30.0,2021-02-17,2021,2,2,20210217
37.0,2021-02-17,2021,2,2,20210217
38.0,2021-02-17,2021,2,2,20210217
31.0,2021-02-17,2021,2,2,20210217
33.0,2021-02-17,2021,2,2,20210217
34.0,2021-02-17,2021,2,2,20210217
35.0,2021-02-17,2021,2,2,20210217
32.0,2021-02-17,2021,2,2,20210217
36.0,2021-02-17,2021,2,2,20210217
39.0,2021-02-17,2021,2,2,20210217
40.0,2021-02-17,2021,2,2,20210217
41.0,2021-02-17,2021,2,2,20210217
42.0,2021-02-17,2021,2,2,20210217
72.0,2021-02-17,2021,2,2,20210217
44.0,2021-02-17,2021,2,2,20210217
45.0,2021-02-17,2021,2,2,20210217
46.0,2021-02-17,2021,2,2,20210217
47.0,2021-02-17,2021,2,2,20210217
48.0,2021-02-17,2021,2,2,20210217
49.0,2021-02-17,2021,2,2,20210217
51.0,2021-02-17,2021,2,2,20210217
78.0,2021-02-17,2021,2,2,20210217
50.0,2021-02-17,2021,2,2,20210217
53.0,2021-02-17,2021,2,2,20210217
55.0,2021-02-17,2021,2,2,20210217
54.0,2021-02-17,2021,2,2,20210217
56.0,2021-02-17,2021,2,2,20210217
2.0,2021-02-16,2021,2,1,20210216
1.0,2021-02-16,2021,2,1,20210216
5.0,2021-02-16,2021,2,1,20210216
60.0,2021-02-16,2021,2,1,20210216
4.0,2021-02-16,2021,2,1,20210216
6.0,2021-02-16,2021,2,1,20210216
8.0,2021-02-16,2021,2,1,20210216
9.0,2021-02-16,2021,2,1,20210216
11.0,2021-02-16,2021,2,1,20210216
10.0,2021-02-16,2021,2,1,20210216
12.0,2021-02-16,2021,2,1,20210216
13.0,2021-02-16,2021,2,1,20210216
66.0,2021-02-16,2021,2,1,20210216
15.0,2021-02-16,2021,2,1,20210216
19.0,2021-02-16,2021,2,1,20210216
16.0,2021-02-16,2021,2,1,20210216
17.0,2021-02-16,2021,2,1,20210216
18.0,2021-02-16,2021,2,1,20210216
20.0,2021-02-16,2021,2,1,20210216
21.0,2021-02-16,2021,2,1,20210216
22.0,2021-02-16,2021,2,1,20210216
25.0,2021-02-16,2021,2,1,20210216
24.0,2021-02-16,2021,2,1,20210216
23.0,2021-02-16,2021,2,1,20210216
26.0,2021-02-16,2021,2,1,20210216
27.0,2021-02-16,2021,2,1,20210216
29.0,2021-02-16,2021,2,1,20210216
69.0,2021-02-16,2021,2,1,20210216
28.0,2021-02-16,2021,2,1,20210216
30.0,2021-02-16,2021,2,1,20210216
37.0,2021-02-16,2021,2,1,20210216
38.0,2021-02-16,2021,2,1,20210216
31.0,2021-02-16,2021,2,1,20210216
33.0,2021-02-16,2021,2,1,20210216
34.0,2021-02-16,2021,2,1,20210216
35.0,2021-02-16,2021,2,1,20210216
32.0,2021-02-16,2021,2,1,20210216
36.0,2021-02-16,2021,2,1,20210216
39.0,2021-02-16,2021,2,1,20210216
40.0,2021-02-16,2021,2,1,20210216
41.0,2021-02-16,2021,2,1,20210216
42.0,2021-02-16,2021,2,1,20210216
72.0,2021-02-16,2021,2,1,20210216
44.0,2021-02-16,2021,2,1,20210216
45.0,2021-02-16,2021,2,1,20210216
46.0,2021-02-16,2021,2,1,20210216
47.0,2021-02-16,2021,2,1,20210216
48.0,2021-02-16,2021,2,1,20210216
49.0,2021-02-16,2021,2,1,20210216
51.0,2021-02-16,2021,2,1,20210216
78.0,2021-02-16,2021,2,1,20210216
50.0,2021-02-16,2021,2,1,20210216
53.0,2021-02-16,2021,2,1,20210216
55.0,2021-02-16,2021,2,1,20210216
54.0,2021-02-16,2021,2,1,20210216
56.0,2021-02-16,2021,2,1,20210216
2.0,2021-02-15,2021,2,0,20210215
1.0,2021-02-15,2021,2,0,20210215
5.0,2021-02-15,2021,2,0,20210215
60.0,2021-02-15,2021,2,0,20210215
4.0,2021-02-15,2021,2,0,20210215
6.0,2021-02-15,2021,2,0,20210215
8.0,2021-02-15,2021,2,0,20210215
9.0,2021-02-15,2021,2,0,20210215
11.0,2021-02-15,2021,2,0,20210215
10.0,2021-02-15,2021,2,0,20210215
12.0,2021-02-15,2021,2,0,20210215
13.0,2021-02-15,2021,2,0,20210215
66.0,2021-02-15,2021,2,0,20210215
15.0,2021-02-15,2021,2,0,20210215
19.0,2021-02-15,2021,2,0,20210215
16.0,2021-02-15,2021,2,0,20210215
17.0,2021-02-15,2021,2,0,20210215
18.0,2021-02-15,2021,2,0,20210215
20.0,2021-02-15,2021,2,0,20210215
21.0,2021-02-15,2021,2,0,20210215
22.0,2021-02-15,2021,2,0,20210215
25.0,2021-02-15,2021,2,0,20210215
24.0,2021-02-15,2021,2,0,20210215
23.0,2021-02-15,2021,2,0,20210215
26.0,2021-02-15,2021,2,0,20210215
27.0,2021-02-15,2021,2,0,20210215
29.0,2021-02-15,2021,2,0,20210215
69.0,2021-02-15,2021,2,0,20210215
28.0,2021-02-15,2021,2,0,20210215
30.0,2021-02-15,2021,2,0,20210215
37.0,2021-02-15,2021,2,0,20210215
38.0,2021-02-15,2021,2,0,20210215
31.0,2021-02-15,2021,2,0,20210215
33.0,2021-02-15,2021,2,0,20210215
34.0,2021-02-15,2021,2,0,20210215
35.0,2021-02-15,2021,2,0,20210215
32.0,2021-02-15,2021,2,0,20210215
36.0,2021-02-15,2021,2,0,20210215
39.0,2021-02-15,2021,2,0,20210215
40.0,2021-02-15,2021,2,0,20210215
41.0,2021-02-15,2021,2,0,20210215
42.0,2021-02-15,2021,2,0,20210215
72.0,2021-02-15,2021,2,0,20210215
44.0,2021-02-15,2021,2,0,20210215
45.0,2021-02-15,2021,2,0,20210215
46.0,2021-02-15,2021,2,0,20210215
47.0,2021-02-15,2021,2,0,20210215
48.0,2021-02-15,2021,2,0,20210215
49.0,2021-02-15,2021,2,0,20210215
51.0,2021-02-15,2021,2,0,20210215
78.0,2021-02-15,2021,2,0,20210215
50.0,2021-02-15,2021,2,0,20210215
53.0,2021-02-15,2021,2,0,20210215
55.0,2021-02-15,2021,2,0,20210215
54.0,2021-02-15,2021,2,0,20210215
56.0,2021-02-15,2021,2,0,20210215
2.0,2021-02-14,2021,2,6,20210214
1.0,2021-02-14,2021,2,6,20210214
5.0,2021-02-14,2021,2,6,20210214
60.0,2021-02-14,2021,2,6,20210214
4.0,2021-02-14,2021,2,6,20210214
6.0,2021-02-14,2021,2,6,20210214
8.0,2021-02-14,2021,2,6,20210214
9.0,2021-02-14,2021,2,6,20210214
11.0,2021-02-14,2021,2,6,20210214
10.0,2021-02-14,2021,2,6,20210214
12.0,2021-02-14,2021,2,6,20210214
13.0,2021-02-14,2021,2,6,20210214
66.0,2021-02-14,2021,2,6,20210214
15.0,2021-02-14,2021,2,6,20210214
19.0,2021-02-14,2021,2,6,20210214
16.0,2021-02-14,2021,2,6,20210214
17.0,2021-02-14,2021,2,6,20210214
18.0,2021-02-14,2021,2,6,20210214
20.0,2021-02-14,2021,2,6,20210214
21.0,2021-02-14,2021,2,6,20210214
22.0,2021-02-14,2021,2,6,20210214
25.0,2021-02-14,2021,2,6,20210214
24.0,2021-02-14,2021,2,6,20210214
23.0,2021-02-14,2021,2,6,20210214
26.0,2021-02-14,2021,2,6,20210214
27.0,2021-02-14,2021,2,6,20210214
29.0,2021-02-14,2021,2,6,20210214
69.0,2021-02-14,2021,2,6,20210214
28.0,2021-02-14,2021,2,6,20210214
30.0,2021-02-14,2021,2,6,20210214
37.0,2021-02-14,2021,2,6,20210214
38.0,2021-02-14,2021,2,6,20210214
31.0,2021-02-14,2021,2,6,20210214
33.0,2021-02-14,2021,2,6,20210214
34.0,2021-02-14,2021,2,6,20210214
35.0,2021-02-14,2021,2,6,20210214
32.0,2021-02-14,2021,2,6,20210214
36.0,2021-02-14,2021,2,6,20210214
39.0,2021-02-14,2021,2,6,20210214
40.0,2021-02-14,2021,2,6,20210214
41.0,2021-02-14,2021,2,6,20210214
42.0,2021-02-14,2021,2,6,20210214
72.0,2021-02-14,2021,2,6,20210214
44.0,2021-02-14,2021,2,6,20210214
45.0,2021-02-14,2021,2,6,20210214
46.0,2021-02-14,2021,2,6,20210214
47.0,2021-02-14,2021,2,6,20210214
48.0,2021-02-14,2021,2,6,20210214
49.0,2021-02-14,2021,2,6,20210214
51.0,2021-02-14,2021,2,6,20210214
78.0,2021-02-14,2021,2,6,20210214
50.0,2021-02-14,2021,2,6,20210214
53.0,2021-02-14,2021,2,6,20210214
55.0,2021-02-14,2021,2,6,20210214
54.0,2021-02-14,2021,2,6,20210214
56.0,2021-02-14,2021,2,6,20210214
2.0,2021-02-13,2021,2,5,20210213
1.0,2021-02-13,2021,2,5,20210213
5.0,2021-02-13,2021,2,5,20210213
60.0,2021-02-13,2021,2,5,20210213
4.0,2021-02-13,2021,2,5,20210213
6.0,2021-02-13,2021,2,5,20210213
8.0,2021-02-13,2021,2,5,20210213
9.0,2021-02-13,2021,2,5,20210213
11.0,2021-02-13,2021,2,5,20210213
10.0,2021-02-13,2021,2,5,20210213
12.0,2021-02-13,2021,2,5,20210213
13.0,2021-02-13,2021,2,5,20210213
66.0,2021-02-13,2021,2,5,20210213
15.0,2021-02-13,2021,2,5,20210213
19.0,2021-02-13,2021,2,5,20210213
16.0,2021-02-13,2021,2,5,20210213
17.0,2021-02-13,2021,2,5,20210213
18.0,2021-02-13,2021,2,5,20210213
20.0,2021-02-13,2021,2,5,20210213
21.0,2021-02-13,2021,2,5,20210213
22.0,2021-02-13,2021,2,5,20210213
25.0,2021-02-13,2021,2,5,20210213
24.0,2021-02-13,2021,2,5,20210213
23.0,2021-02-13,2021,2,5,20210213
26.0,2021-02-13,2021,2,5,20210213
27.0,2021-02-13,2021,2,5,20210213
29.0,2021-02-13,2021,2,5,20210213
69.0,2021-02-13,2021,2,5,20210213
28.0,2021-02-13,2021,2,5,20210213
30.0,2021-02-13,2021,2,5,20210213
37.0,2021-02-13,2021,2,5,20210213
38.0,2021-02-13,2021,2,5,20210213
31.0,2021-02-13,2021,2,5,20210213
33.0,2021-02-13,2021,2,5,20210213
34.0,2021-02-13,2021,2,5,20210213
35.0,2021-02-13,2021,2,5,20210213
32.0,2021-02-13,2021,2,5,20210213
36.0,2021-02-13,2021,2,5,20210213
39.0,2021-02-13,2021,2,5,20210213
40.0,2021-02-13,2021,2,5,20210213
41.0,2021-02-13,2021,2,5,20210213
42.0,2021-02-13,2021,2,5,20210213
72.0,2021-02-13,2021,2,5,20210213
44.0,2021-02-13,2021,2,5,20210213
45.0,2021-02-13,2021,2,5,20210213
46.0,2021-02-13,2021,2,5,20210213
47.0,2021-02-13,2021,2,5,20210213
48.0,2021-02-13,2021,2,5,20210213
49.0,2021-02-13,2021,2,5,20210213
51.0,2021-02-13,2021,2,5,20210213
78.0,2021-02-13,2021,2,5,20210213
50.0,2021-02-13,2021,2,5,20210213
53.0,2021-02-13,2021,2,5,20210213
55.0,2021-02-13,2021,2,5,20210213
54.0,2021-02-13,2021,2,5,20210213
56.0,2021-02-13,2021,2,5,20210213
2.0,2021-02-12,2021,2,4,20210212
1.0,2021-02-12,2021,2,4,20210212
5.0,2021-02-12,2021,2,4,20210212
60.0,2021-02-12,2021,2,4,20210212
4.0,2021-02-12,2021,2,4,20210212
6.0,2021-02-12,2021,2,4,20210212
8.0,2021-02-12,2021,2,4,20210212
9.0,2021-02-12,2021,2,4,20210212
11.0,2021-02-12,2021,2,4,20210212
10.0,2021-02-12,2021,2,4,20210212
12.0,2021-02-12,2021,2,4,20210212
13.0,2021-02-12,2021,2,4,20210212
66.0,2021-02-12,2021,2,4,20210212
15.0,2021-02-12,2021,2,4,20210212
19.0,2021-02-12,2021,2,4,20210212
16.0,2021-02-12,2021,2,4,20210212
17.0,2021-02-12,2021,2,4,20210212
18.0,2021-02-12,2021,2,4,20210212
20.0,2021-02-12,2021,2,4,20210212
21.0,2021-02-12,2021,2,4,20210212
22.0,2021-02-12,2021,2,4,20210212
25.0,2021-02-12,2021,2,4,20210212
24.0,2021-02-12,2021,2,4,20210212
23.0,2021-02-12,2021,2,4,20210212
26.0,2021-02-12,2021,2,4,20210212
27.0,2021-02-12,2021,2,4,20210212
29.0,2021-02-12,2021,2,4,20210212
69.0,2021-02-12,2021,2,4,20210212
28.0,2021-02-12,2021,2,4,20210212
30.0,2021-02-12,2021,2,4,20210212
37.0,2021-02-12,2021,2,4,20210212
38.0,2021-02-12,2021,2,4,20210212
31.0,2021-02-12,2021,2,4,20210212
33.0,2021-02-12,2021,2,4,20210212
34.0,2021-02-12,2021,2,4,20210212
35.0,2021-02-12,2021,2,4,20210212
32.0,2021-02-12,2021,2,4,20210212
36.0,2021-02-12,2021,2,4,20210212
39.0,2021-02-12,2021,2,4,20210212
40.0,2021-02-12,2021,2,4,20210212
41.0,2021-02-12,2021,2,4,20210212
42.0,2021-02-12,2021,2,4,20210212
72.0,2021-02-12,2021,2,4,20210212
44.0,2021-02-12,2021,2,4,20210212
45.0,2021-02-12,2021,2,4,20210212
46.0,2021-02-12,2021,2,4,20210212
47.0,2021-02-12,2021,2,4,20210212
48.0,2021-02-12,2021,2,4,20210212
49.0,2021-02-12,2021,2,4,20210212
51.0,2021-02-12,2021,2,4,20210212
78.0,2021-02-12,2021,2,4,20210212
50.0,2021-02-12,2021,2,4,20210212
53.0,2021-02-12,2021,2,4,20210212
55.0,2021-02-12,2021,2,4,20210212
54.0,2021-02-12,2021,2,4,20210212
56.0,2021-02-12,2021,2,4,20210212
2.0,2021-02-11,2021,2,3,20210211
1.0,2021-02-11,2021,2,3,20210211
5.0,2021-02-11,2021,2,3,20210211
60.0,2021-02-11,2021,2,3,20210211
4.0,2021-02-11,2021,2,3,20210211
6.0,2021-02-11,2021,2,3,20210211
8.0,2021-02-11,2021,2,3,20210211
9.0,2021-02-11,2021,2,3,20210211
11.0,2021-02-11,2021,2,3,20210211
10.0,2021-02-11,2021,2,3,20210211
12.0,2021-02-11,2021,2,3,20210211
13.0,2021-02-11,2021,2,3,20210211
66.0,2021-02-11,2021,2,3,20210211
15.0,2021-02-11,2021,2,3,20210211
19.0,2021-02-11,2021,2,3,20210211
16.0,2021-02-11,2021,2,3,20210211
17.0,2021-02-11,2021,2,3,20210211
18.0,2021-02-11,2021,2,3,20210211
20.0,2021-02-11,2021,2,3,20210211
21.0,2021-02-11,2021,2,3,20210211
22.0,2021-02-11,2021,2,3,20210211
25.0,2021-02-11,2021,2,3,20210211
24.0,2021-02-11,2021,2,3,20210211
23.0,2021-02-11,2021,2,3,20210211
26.0,2021-02-11,2021,2,3,20210211
27.0,2021-02-11,2021,2,3,20210211
29.0,2021-02-11,2021,2,3,20210211
69.0,2021-02-11,2021,2,3,20210211
28.0,2021-02-11,2021,2,3,20210211
30.0,2021-02-11,2021,2,3,20210211
37.0,2021-02-11,2021,2,3,20210211
38.0,2021-02-11,2021,2,3,20210211
31.0,2021-02-11,2021,2,3,20210211
33.0,2021-02-11,2021,2,3,20210211
34.0,2021-02-11,2021,2,3,20210211
35.0,2021-02-11,2021,2,3,20210211
32.0,2021-02-11,2021,2,3,20210211
36.0,2021-02-11,2021,2,3,20210211
39.0,2021-02-11,2021,2,3,20210211
40.0,2021-02-11,2021,2,3,20210211
41.0,2021-02-11,2021,2,3,20210211
42.0,2021-02-11,2021,2,3,20210211
72.0,2021-02-11,2021,2,3,20210211
44.0,2021-02-11,2021,2,3,20210211
45.0,2021-02-11,2021,2,3,20210211
46.0,2021-02-11,2021,2,3,20210211
47.0,2021-02-11,2021,2,3,20210211
48.0,2021-02-11,2021,2,3,20210211
49.0,2021-02-11,2021,2,3,20210211
51.0,2021-02-11,2021,2,3,20210211
78.0,2021-02-11,2021,2,3,20210211
50.0,2021-02-11,2021,2,3,20210211
53.0,2021-02-11,2021,2,3,20210211
55.0,2021-02-11,2021,2,3,20210211
54.0,2021-02-11,2021,2,3,20210211
56.0,2021-02-11,2021,2,3,20210211
2.0,2021-02-10,2021,2,2,20210210
1.0,2021-02-10,2021,2,2,20210210
5.0,2021-02-10,2021,2,2,20210210
60.0,2021-02-10,2021,2,2,20210210
4.0,2021-02-10,2021,2,2,20210210
6.0,2021-02-10,2021,2,2,20210210
8.0,2021-02-10,2021,2,2,20210210
9.0,2021-02-10,2021,2,2,20210210
11.0,2021-02-10,2021,2,2,20210210
10.0,2021-02-10,2021,2,2,20210210
12.0,2021-02-10,2021,2,2,20210210
13.0,2021-02-10,2021,2,2,20210210
66.0,2021-02-10,2021,2,2,20210210
15.0,2021-02-10,2021,2,2,20210210
19.0,2021-02-10,2021,2,2,20210210
16.0,2021-02-10,2021,2,2,20210210
17.0,2021-02-10,2021,2,2,20210210
18.0,2021-02-10,2021,2,2,20210210
20.0,2021-02-10,2021,2,2,20210210
21.0,2021-02-10,2021,2,2,20210210
22.0,2021-02-10,2021,2,2,20210210
25.0,2021-02-10,2021,2,2,20210210
24.0,2021-02-10,2021,2,2,20210210
23.0,2021-02-10,2021,2,2,20210210
26.0,2021-02-10,2021,2,2,20210210
27.0,2021-02-10,2021,2,2,20210210
29.0,2021-02-10,2021,2,2,20210210
69.0,2021-02-10,2021,2,2,20210210
28.0,2021-02-10,2021,2,2,20210210
30.0,2021-02-10,2021,2,2,20210210
37.0,2021-02-10,2021,2,2,20210210
38.0,2021-02-10,2021,2,2,20210210
31.0,2021-02-10,2021,2,2,20210210
33.0,2021-02-10,2021,2,2,20210210
34.0,2021-02-10,2021,2,2,20210210
35.0,2021-02-10,2021,2,2,20210210
32.0,2021-02-10,2021,2,2,20210210
36.0,2021-02-10,2021,2,2,20210210
39.0,2021-02-10,2021,2,2,20210210
40.0,2021-02-10,2021,2,2,20210210
41.0,2021-02-10,2021,2,2,20210210
42.0,2021-02-10,2021,2,2,20210210
72.0,2021-02-10,2021,2,2,20210210
44.0,2021-02-10,2021,2,2,20210210
45.0,2021-02-10,2021,2,2,20210210
46.0,2021-02-10,2021,2,2,20210210
47.0,2021-02-10,2021,2,2,20210210
48.0,2021-02-10,2021,2,2,20210210
49.0,2021-02-10,2021,2,2,20210210
51.0,2021-02-10,2021,2,2,20210210
78.0,2021-02-10,2021,2,2,20210210
50.0,2021-02-10,2021,2,2,20210210
53.0,2021-02-10,2021,2,2,20210210
55.0,2021-02-10,2021,2,2,20210210
54.0,2021-02-10,2021,2,2,20210210
56.0,2021-02-10,2021,2,2,20210210
2.0,2021-02-09,2021,2,1,20210209
1.0,2021-02-09,2021,2,1,20210209
5.0,2021-02-09,2021,2,1,20210209
60.0,2021-02-09,2021,2,1,20210209
4.0,2021-02-09,2021,2,1,20210209
6.0,2021-02-09,2021,2,1,20210209
8.0,2021-02-09,2021,2,1,20210209
9.0,2021-02-09,2021,2,1,20210209
11.0,2021-02-09,2021,2,1,20210209
10.0,2021-02-09,2021,2,1,20210209
12.0,2021-02-09,2021,2,1,20210209
13.0,2021-02-09,2021,2,1,20210209
66.0,2021-02-09,2021,2,1,20210209
15.0,2021-02-09,2021,2,1,20210209
19.0,2021-02-09,2021,2,1,20210209
16.0,2021-02-09,2021,2,1,20210209
17.0,2021-02-09,2021,2,1,20210209
18.0,2021-02-09,2021,2,1,20210209
20.0,2021-02-09,2021,2,1,20210209
21.0,2021-02-09,2021,2,1,20210209
22.0,2021-02-09,2021,2,1,20210209
25.0,2021-02-09,2021,2,1,20210209
24.0,2021-02-09,2021,2,1,20210209
23.0,2021-02-09,2021,2,1,20210209
26.0,2021-02-09,2021,2,1,20210209
27.0,2021-02-09,2021,2,1,20210209
29.0,2021-02-09,2021,2,1,20210209
69.0,2021-02-09,2021,2,1,20210209
28.0,2021-02-09,2021,2,1,20210209
30.0,2021-02-09,2021,2,1,20210209
37.0,2021-02-09,2021,2,1,20210209
38.0,2021-02-09,2021,2,1,20210209
31.0,2021-02-09,2021,2,1,20210209
33.0,2021-02-09,2021,2,1,20210209
34.0,2021-02-09,2021,2,1,20210209
35.0,2021-02-09,2021,2,1,20210209
32.0,2021-02-09,2021,2,1,20210209
36.0,2021-02-09,2021,2,1,20210209
39.0,2021-02-09,2021,2,1,20210209
40.0,2021-02-09,2021,2,1,20210209
41.0,2021-02-09,2021,2,1,20210209
42.0,2021-02-09,2021,2,1,20210209
72.0,2021-02-09,2021,2,1,20210209
44.0,2021-02-09,2021,2,1,20210209
45.0,2021-02-09,2021,2,1,20210209
46.0,2021-02-09,2021,2,1,20210209
47.0,2021-02-09,2021,2,1,20210209
48.0,2021-02-09,2021,2,1,20210209
49.0,2021-02-09,2021,2,1,20210209
51.0,2021-02-09,2021,2,1,20210209
78.0,2021-02-09,2021,2,1,20210209
50.0,2021-02-09,2021,2,1,20210209
53.0,2021-02-09,2021,2,1,20210209
55.0,2021-02-09,2021,2,1,20210209
54.0,2021-02-09,2021,2,1,20210209
56.0,2021-02-09,2021,2,1,20210209
2.0,2021-02-08,2021,2,0,20210208
1.0,2021-02-08,2021,2,0,20210208
5.0,2021-02-08,2021,2,0,20210208
60.0,2021-02-08,2021,2,0,20210208
4.0,2021-02-08,2021,2,0,20210208
6.0,2021-02-08,2021,2,0,20210208
8.0,2021-02-08,2021,2,0,20210208
9.0,2021-02-08,2021,2,0,20210208
11.0,2021-02-08,2021,2,0,20210208
10.0,2021-02-08,2021,2,0,20210208
12.0,2021-02-08,2021,2,0,20210208
13.0,2021-02-08,2021,2,0,20210208
66.0,2021-02-08,2021,2,0,20210208
15.0,2021-02-08,2021,2,0,20210208
19.0,2021-02-08,2021,2,0,20210208
16.0,2021-02-08,2021,2,0,20210208
17.0,2021-02-08,2021,2,0,20210208
18.0,2021-02-08,2021,2,0,20210208
20.0,2021-02-08,2021,2,0,20210208
21.0,2021-02-08,2021,2,0,20210208
22.0,2021-02-08,2021,2,0,20210208
25.0,2021-02-08,2021,2,0,20210208
24.0,2021-02-08,2021,2,0,20210208
23.0,2021-02-08,2021,2,0,20210208
26.0,2021-02-08,2021,2,0,20210208
27.0,2021-02-08,2021,2,0,20210208
29.0,2021-02-08,2021,2,0,20210208
69.0,2021-02-08,2021,2,0,20210208
28.0,2021-02-08,2021,2,0,20210208
30.0,2021-02-08,2021,2,0,20210208
37.0,2021-02-08,2021,2,0,20210208
38.0,2021-02-08,2021,2,0,20210208
31.0,2021-02-08,2021,2,0,20210208
33.0,2021-02-08,2021,2,0,20210208
34.0,2021-02-08,2021,2,0,20210208
35.0,2021-02-08,2021,2,0,20210208
32.0,2021-02-08,2021,2,0,20210208
36.0,2021-02-08,2021,2,0,20210208
39.0,2021-02-08,2021,2,0,20210208
40.0,2021-02-08,2021,2,0,20210208
41.0,2021-02-08,2021,2,0,20210208
42.0,2021-02-08,2021,2,0,20210208
72.0,2021-02-08,2021,2,0,20210208
44.0,2021-02-08,2021,2,0,20210208
45.0,2021-02-08,2021,2,0,20210208
46.0,2021-02-08,2021,2,0,20210208
47.0,2021-02-08,2021,2,0,20210208
48.0,2021-02-08,2021,2,0,20210208
49.0,2021-02-08,2021,2,0,20210208
51.0,2021-02-08,2021,2,0,20210208
78.0,2021-02-08,2021,2,0,20210208
50.0,2021-02-08,2021,2,0,20210208
53.0,2021-02-08,2021,2,0,20210208
55.0,2021-02-08,2021,2,0,20210208
54.0,2021-02-08,2021,2,0,20210208
56.0,2021-02-08,2021,2,0,20210208
2.0,2021-02-07,2021,2,6,20210207
1.0,2021-02-07,2021,2,6,20210207
5.0,2021-02-07,2021,2,6,20210207
60.0,2021-02-07,2021,2,6,20210207
4.0,2021-02-07,2021,2,6,20210207
6.0,2021-02-07,2021,2,6,20210207
8.0,2021-02-07,2021,2,6,20210207
9.0,2021-02-07,2021,2,6,20210207
11.0,2021-02-07,2021,2,6,20210207
10.0,2021-02-07,2021,2,6,20210207
12.0,2021-02-07,2021,2,6,20210207
13.0,2021-02-07,2021,2,6,20210207
66.0,2021-02-07,2021,2,6,20210207
15.0,2021-02-07,2021,2,6,20210207
19.0,2021-02-07,2021,2,6,20210207
16.0,2021-02-07,2021,2,6,20210207
17.0,2021-02-07,2021,2,6,20210207
18.0,2021-02-07,2021,2,6,20210207
20.0,2021-02-07,2021,2,6,20210207
21.0,2021-02-07,2021,2,6,20210207
22.0,2021-02-07,2021,2,6,20210207
25.0,2021-02-07,2021,2,6,20210207
24.0,2021-02-07,2021,2,6,20210207
23.0,2021-02-07,2021,2,6,20210207
26.0,2021-02-07,2021,2,6,20210207
27.0,2021-02-07,2021,2,6,20210207
29.0,2021-02-07,2021,2,6,20210207
69.0,2021-02-07,2021,2,6,20210207
28.0,2021-02-07,2021,2,6,20210207
30.0,2021-02-07,2021,2,6,20210207
37.0,2021-02-07,2021,2,6,20210207
38.0,2021-02-07,2021,2,6,20210207
31.0,2021-02-07,2021,2,6,20210207
33.0,2021-02-07,2021,2,6,20210207
34.0,2021-02-07,2021,2,6,20210207
35.0,2021-02-07,2021,2,6,20210207
32.0,2021-02-07,2021,2,6,20210207
36.0,2021-02-07,2021,2,6,20210207
39.0,2021-02-07,2021,2,6,20210207
40.0,2021-02-07,2021,2,6,20210207
41.0,2021-02-07,2021,2,6,20210207
42.0,2021-02-07,2021,2,6,20210207
72.0,2021-02-07,2021,2,6,20210207
44.0,2021-02-07,2021,2,6,20210207
45.0,2021-02-07,2021,2,6,20210207
46.0,2021-02-07,2021,2,6,20210207
47.0,2021-02-07,2021,2,6,20210207
48.0,2021-02-07,2021,2,6,20210207
49.0,2021-02-07,2021,2,6,20210207
51.0,2021-02-07,2021,2,6,20210207
78.0,2021-02-07,2021,2,6,20210207
50.0,2021-02-07,2021,2,6,20210207
53.0,2021-02-07,2021,2,6,20210207
55.0,2021-02-07,2021,2,6,20210207
54.0,2021-02-07,2021,2,6,20210207
56.0,2021-02-07,2021,2,6,20210207
2.0,2021-02-06,2021,2,5,20210206
1.0,2021-02-06,2021,2,5,20210206
5.0,2021-02-06,2021,2,5,20210206
60.0,2021-02-06,2021,2,5,20210206
4.0,2021-02-06,2021,2,5,20210206
6.0,2021-02-06,2021,2,5,20210206
8.0,2021-02-06,2021,2,5,20210206
9.0,2021-02-06,2021,2,5,20210206
11.0,2021-02-06,2021,2,5,20210206
10.0,2021-02-06,2021,2,5,20210206
12.0,2021-02-06,2021,2,5,20210206
13.0,2021-02-06,2021,2,5,20210206
66.0,2021-02-06,2021,2,5,20210206
15.0,2021-02-06,2021,2,5,20210206
19.0,2021-02-06,2021,2,5,20210206
16.0,2021-02-06,2021,2,5,20210206
17.0,2021-02-06,2021,2,5,20210206
18.0,2021-02-06,2021,2,5,20210206
20.0,2021-02-06,2021,2,5,20210206
21.0,2021-02-06,2021,2,5,20210206
22.0,2021-02-06,2021,2,5,20210206
25.0,2021-02-06,2021,2,5,20210206
24.0,2021-02-06,2021,2,5,20210206
23.0,2021-02-06,2021,2,5,20210206
26.0,2021-02-06,2021,2,5,20210206
27.0,2021-02-06,2021,2,5,20210206
29.0,2021-02-06,2021,2,5,20210206
69.0,2021-02-06,2021,2,5,20210206
28.0,2021-02-06,2021,2,5,20210206
30.0,2021-02-06,2021,2,5,20210206
37.0,2021-02-06,2021,2,5,20210206
38.0,2021-02-06,2021,2,5,20210206
31.0,2021-02-06,2021,2,5,20210206
33.0,2021-02-06,2021,2,5,20210206
34.0,2021-02-06,2021,2,5,20210206
35.0,2021-02-06,2021,2,5,20210206
32.0,2021-02-06,2021,2,5,20210206
36.0,2021-02-06,2021,2,5,20210206
39.0,2021-02-06,2021,2,5,20210206
40.0,2021-02-06,2021,2,5,20210206
41.0,2021-02-06,2021,2,5,20210206
42.0,2021-02-06,2021,2,5,20210206
72.0,2021-02-06,2021,2,5,20210206
44.0,2021-02-06,2021,2,5,20210206
45.0,2021-02-06,2021,2,5,20210206
46.0,2021-02-06,2021,2,5,20210206
47.0,2021-02-06,2021,2,5,20210206
48.0,2021-02-06,2021,2,5,20210206
49.0,2021-02-06,2021,2,5,20210206
51.0,2021-02-06,2021,2,5,20210206
78.0,2021-02-06,2021,2,5,20210206
50.0,2021-02-06,2021,2,5,20210206
53.0,2021-02-06,2021,2,5,20210206
55.0,2021-02-06,2021,2,5,20210206
54.0,2021-02-06,2021,2,5,20210206
56.0,2021-02-06,2021,2,5,20210206
2.0,2021-02-05,2021,2,4,20210205
1.0,2021-02-05,2021,2,4,20210205
5.0,2021-02-05,2021,2,4,20210205
60.0,2021-02-05,2021,2,4,20210205
4.0,2021-02-05,2021,2,4,20210205
6.0,2021-02-05,2021,2,4,20210205
8.0,2021-02-05,2021,2,4,20210205
9.0,2021-02-05,2021,2,4,20210205
11.0,2021-02-05,2021,2,4,20210205
10.0,2021-02-05,2021,2,4,20210205
12.0,2021-02-05,2021,2,4,20210205
13.0,2021-02-05,2021,2,4,20210205
66.0,2021-02-05,2021,2,4,20210205
15.0,2021-02-05,2021,2,4,20210205
19.0,2021-02-05,2021,2,4,20210205
16.0,2021-02-05,2021,2,4,20210205
17.0,2021-02-05,2021,2,4,20210205
18.0,2021-02-05,2021,2,4,20210205
20.0,2021-02-05,2021,2,4,20210205
21.0,2021-02-05,2021,2,4,20210205
22.0,2021-02-05,2021,2,4,20210205
25.0,2021-02-05,2021,2,4,20210205
24.0,2021-02-05,2021,2,4,20210205
23.0,2021-02-05,2021,2,4,20210205
26.0,2021-02-05,2021,2,4,20210205
27.0,2021-02-05,2021,2,4,20210205
29.0,2021-02-05,2021,2,4,20210205
69.0,2021-02-05,2021,2,4,20210205
28.0,2021-02-05,2021,2,4,20210205
30.0,2021-02-05,2021,2,4,20210205
37.0,2021-02-05,2021,2,4,20210205
38.0,2021-02-05,2021,2,4,20210205
31.0,2021-02-05,2021,2,4,20210205
33.0,2021-02-05,2021,2,4,20210205
34.0,2021-02-05,2021,2,4,20210205
35.0,2021-02-05,2021,2,4,20210205
32.0,2021-02-05,2021,2,4,20210205
36.0,2021-02-05,2021,2,4,20210205
39.0,2021-02-05,2021,2,4,20210205
40.0,2021-02-05,2021,2,4,20210205
41.0,2021-02-05,2021,2,4,20210205
42.0,2021-02-05,2021,2,4,20210205
72.0,2021-02-05,2021,2,4,20210205
44.0,2021-02-05,2021,2,4,20210205
45.0,2021-02-05,2021,2,4,20210205
46.0,2021-02-05,2021,2,4,20210205
47.0,2021-02-05,2021,2,4,20210205
48.0,2021-02-05,2021,2,4,20210205
49.0,2021-02-05,2021,2,4,20210205
51.0,2021-02-05,2021,2,4,20210205
78.0,2021-02-05,2021,2,4,20210205
50.0,2021-02-05,2021,2,4,20210205
53.0,2021-02-05,2021,2,4,20210205
55.0,2021-02-05,2021,2,4,20210205
54.0,2021-02-05,2021,2,4,20210205
56.0,2021-02-05,2021,2,4,20210205
2.0,2021-02-04,2021,2,3,20210204
1.0,2021-02-04,2021,2,3,20210204
5.0,2021-02-04,2021,2,3,20210204
60.0,2021-02-04,2021,2,3,20210204
4.0,2021-02-04,2021,2,3,20210204
6.0,2021-02-04,2021,2,3,20210204
8.0,2021-02-04,2021,2,3,20210204
9.0,2021-02-04,2021,2,3,20210204
11.0,2021-02-04,2021,2,3,20210204
10.0,2021-02-04,2021,2,3,20210204
12.0,2021-02-04,2021,2,3,20210204
13.0,2021-02-04,2021,2,3,20210204
66.0,2021-02-04,2021,2,3,20210204
15.0,2021-02-04,2021,2,3,20210204
19.0,2021-02-04,2021,2,3,20210204
16.0,2021-02-04,2021,2,3,20210204
17.0,2021-02-04,2021,2,3,20210204
18.0,2021-02-04,2021,2,3,20210204
20.0,2021-02-04,2021,2,3,20210204
21.0,2021-02-04,2021,2,3,20210204
22.0,2021-02-04,2021,2,3,20210204
25.0,2021-02-04,2021,2,3,20210204
24.0,2021-02-04,2021,2,3,20210204
23.0,2021-02-04,2021,2,3,20210204
26.0,2021-02-04,2021,2,3,20210204
27.0,2021-02-04,2021,2,3,20210204
29.0,2021-02-04,2021,2,3,20210204
69.0,2021-02-04,2021,2,3,20210204
28.0,2021-02-04,2021,2,3,20210204
30.0,2021-02-04,2021,2,3,20210204
37.0,2021-02-04,2021,2,3,20210204
38.0,2021-02-04,2021,2,3,20210204
31.0,2021-02-04,2021,2,3,20210204
33.0,2021-02-04,2021,2,3,20210204
34.0,2021-02-04,2021,2,3,20210204
35.0,2021-02-04,2021,2,3,20210204
32.0,2021-02-04,2021,2,3,20210204
36.0,2021-02-04,2021,2,3,20210204
39.0,2021-02-04,2021,2,3,20210204
40.0,2021-02-04,2021,2,3,20210204
41.0,2021-02-04,2021,2,3,20210204
42.0,2021-02-04,2021,2,3,20210204
72.0,2021-02-04,2021,2,3,20210204
44.0,2021-02-04,2021,2,3,20210204
45.0,2021-02-04,2021,2,3,20210204
46.0,2021-02-04,2021,2,3,20210204
47.0,2021-02-04,2021,2,3,20210204
48.0,2021-02-04,2021,2,3,20210204
49.0,2021-02-04,2021,2,3,20210204
51.0,2021-02-04,2021,2,3,20210204
78.0,2021-02-04,2021,2,3,20210204
50.0,2021-02-04,2021,2,3,20210204
53.0,2021-02-04,2021,2,3,20210204
55.0,2021-02-04,2021,2,3,20210204
54.0,2021-02-04,2021,2,3,20210204
56.0,2021-02-04,2021,2,3,20210204
2.0,2021-02-03,2021,2,2,20210203
1.0,2021-02-03,2021,2,2,20210203
5.0,2021-02-03,2021,2,2,20210203
60.0,2021-02-03,2021,2,2,20210203
4.0,2021-02-03,2021,2,2,20210203
6.0,2021-02-03,2021,2,2,20210203
8.0,2021-02-03,2021,2,2,20210203
9.0,2021-02-03,2021,2,2,20210203
11.0,2021-02-03,2021,2,2,20210203
10.0,2021-02-03,2021,2,2,20210203
12.0,2021-02-03,2021,2,2,20210203
13.0,2021-02-03,2021,2,2,20210203
66.0,2021-02-03,2021,2,2,20210203
15.0,2021-02-03,2021,2,2,20210203
19.0,2021-02-03,2021,2,2,20210203
16.0,2021-02-03,2021,2,2,20210203
17.0,2021-02-03,2021,2,2,20210203
18.0,2021-02-03,2021,2,2,20210203
20.0,2021-02-03,2021,2,2,20210203
21.0,2021-02-03,2021,2,2,20210203
22.0,2021-02-03,2021,2,2,20210203
25.0,2021-02-03,2021,2,2,20210203
24.0,2021-02-03,2021,2,2,20210203
23.0,2021-02-03,2021,2,2,20210203
26.0,2021-02-03,2021,2,2,20210203
27.0,2021-02-03,2021,2,2,20210203
29.0,2021-02-03,2021,2,2,20210203
69.0,2021-02-03,2021,2,2,20210203
28.0,2021-02-03,2021,2,2,20210203
30.0,2021-02-03,2021,2,2,20210203
37.0,2021-02-03,2021,2,2,20210203
38.0,2021-02-03,2021,2,2,20210203
31.0,2021-02-03,2021,2,2,20210203
33.0,2021-02-03,2021,2,2,20210203
34.0,2021-02-03,2021,2,2,20210203
35.0,2021-02-03,2021,2,2,20210203
32.0,2021-02-03,2021,2,2,20210203
36.0,2021-02-03,2021,2,2,20210203
39.0,2021-02-03,2021,2,2,20210203
40.0,2021-02-03,2021,2,2,20210203
41.0,2021-02-03,2021,2,2,20210203
42.0,2021-02-03,2021,2,2,20210203
72.0,2021-02-03,2021,2,2,20210203
44.0,2021-02-03,2021,2,2,20210203
45.0,2021-02-03,2021,2,2,20210203
46.0,2021-02-03,2021,2,2,20210203
47.0,2021-02-03,2021,2,2,20210203
48.0,2021-02-03,2021,2,2,20210203
49.0,2021-02-03,2021,2,2,20210203
51.0,2021-02-03,2021,2,2,20210203
78.0,2021-02-03,2021,2,2,20210203
50.0,2021-02-03,2021,2,2,20210203
53.0,2021-02-03,2021,2,2,20210203
55.0,2021-02-03,2021,2,2,20210203
54.0,2021-02-03,2021,2,2,20210203
56.0,2021-02-03,2021,2,2,20210203
2.0,2021-02-02,2021,2,1,20210202
1.0,2021-02-02,2021,2,1,20210202
5.0,2021-02-02,2021,2,1,20210202
60.0,2021-02-02,2021,2,1,20210202
4.0,2021-02-02,2021,2,1,20210202
6.0,2021-02-02,2021,2,1,20210202
8.0,2021-02-02,2021,2,1,20210202
9.0,2021-02-02,2021,2,1,20210202
11.0,2021-02-02,2021,2,1,20210202
10.0,2021-02-02,2021,2,1,20210202
12.0,2021-02-02,2021,2,1,20210202
13.0,2021-02-02,2021,2,1,20210202
66.0,2021-02-02,2021,2,1,20210202
15.0,2021-02-02,2021,2,1,20210202
19.0,2021-02-02,2021,2,1,20210202
16.0,2021-02-02,2021,2,1,20210202
17.0,2021-02-02,2021,2,1,20210202
18.0,2021-02-02,2021,2,1,20210202
20.0,2021-02-02,2021,2,1,20210202
21.0,2021-02-02,2021,2,1,20210202
22.0,2021-02-02,2021,2,1,20210202
25.0,2021-02-02,2021,2,1,20210202
24.0,2021-02-02,2021,2,1,20210202
23.0,2021-02-02,2021,2,1,20210202
26.0,2021-02-02,2021,2,1,20210202
27.0,2021-02-02,2021,2,1,20210202
29.0,2021-02-02,2021,2,1,20210202
69.0,2021-02-02,2021,2,1,20210202
28.0,2021-02-02,2021,2,1,20210202
30.0,2021-02-02,2021,2,1,20210202
37.0,2021-02-02,2021,2,1,20210202
38.0,2021-02-02,2021,2,1,20210202
31.0,2021-02-02,2021,2,1,20210202
33.0,2021-02-02,2021,2,1,20210202
34.0,2021-02-02,2021,2,1,20210202
35.0,2021-02-02,2021,2,1,20210202
32.0,2021-02-02,2021,2,1,20210202
36.0,2021-02-02,2021,2,1,20210202
39.0,2021-02-02,2021,2,1,20210202
40.0,2021-02-02,2021,2,1,20210202
41.0,2021-02-02,2021,2,1,20210202
42.0,2021-02-02,2021,2,1,20210202
72.0,2021-02-02,2021,2,1,20210202
44.0,2021-02-02,2021,2,1,20210202
45.0,2021-02-02,2021,2,1,20210202
46.0,2021-02-02,2021,2,1,20210202
47.0,2021-02-02,2021,2,1,20210202
48.0,2021-02-02,2021,2,1,20210202
49.0,2021-02-02,2021,2,1,20210202
51.0,2021-02-02,2021,2,1,20210202
78.0,2021-02-02,2021,2,1,20210202
50.0,2021-02-02,2021,2,1,20210202
53.0,2021-02-02,2021,2,1,20210202
55.0,2021-02-02,2021,2,1,20210202
54.0,2021-02-02,2021,2,1,20210202
56.0,2021-02-02,2021,2,1,20210202
2.0,2021-02-01,2021,2,0,20210201
1.0,2021-02-01,2021,2,0,20210201
5.0,2021-02-01,2021,2,0,20210201
60.0,2021-02-01,2021,2,0,20210201
4.0,2021-02-01,2021,2,0,20210201
6.0,2021-02-01,2021,2,0,20210201
8.0,2021-02-01,2021,2,0,20210201
9.0,2021-02-01,2021,2,0,20210201
11.0,2021-02-01,2021,2,0,20210201
10.0,2021-02-01,2021,2,0,20210201
12.0,2021-02-01,2021,2,0,20210201
13.0,2021-02-01,2021,2,0,20210201
66.0,2021-02-01,2021,2,0,20210201
15.0,2021-02-01,2021,2,0,20210201
19.0,2021-02-01,2021,2,0,20210201
16.0,2021-02-01,2021,2,0,20210201
17.0,2021-02-01,2021,2,0,20210201
18.0,2021-02-01,2021,2,0,20210201
20.0,2021-02-01,2021,2,0,20210201
21.0,2021-02-01,2021,2,0,20210201
22.0,2021-02-01,2021,2,0,20210201
25.0,2021-02-01,2021,2,0,20210201
24.0,2021-02-01,2021,2,0,20210201
23.0,2021-02-01,2021,2,0,20210201
26.0,2021-02-01,2021,2,0,20210201
27.0,2021-02-01,2021,2,0,20210201
29.0,2021-02-01,2021,2,0,20210201
69.0,2021-02-01,2021,2,0,20210201
28.0,2021-02-01,2021,2,0,20210201
30.0,2021-02-01,2021,2,0,20210201
37.0,2021-02-01,2021,2,0,20210201
38.0,2021-02-01,2021,2,0,20210201
31.0,2021-02-01,2021,2,0,20210201
33.0,2021-02-01,2021,2,0,20210201
34.0,2021-02-01,2021,2,0,20210201
35.0,2021-02-01,2021,2,0,20210201
32.0,2021-02-01,2021,2,0,20210201
36.0,2021-02-01,2021,2,0,20210201
39.0,2021-02-01,2021,2,0,20210201
40.0,2021-02-01,2021,2,0,20210201
41.0,2021-02-01,2021,2,0,20210201
42.0,2021-02-01,2021,2,0,20210201
72.0,2021-02-01,2021,2,0,20210201
44.0,2021-02-01,2021,2,0,20210201
45.0,2021-02-01,2021,2,0,20210201
46.0,2021-02-01,2021,2,0,20210201
47.0,2021-02-01,2021,2,0,20210201
48.0,2021-02-01,2021,2,0,20210201
49.0,2021-02-01,2021,2,0,20210201
51.0,2021-02-01,2021,2,0,20210201
78.0,2021-02-01,2021,2,0,20210201
50.0,2021-02-01,2021,2,0,20210201
53.0,2021-02-01,2021,2,0,20210201
55.0,2021-02-01,2021,2,0,20210201
54.0,2021-02-01,2021,2,0,20210201
56.0,2021-02-01,2021,2,0,20210201
2.0,2021-01-31,2021,1,6,20210131
1.0,2021-01-31,2021,1,6,20210131
5.0,2021-01-31,2021,1,6,20210131
60.0,2021-01-31,2021,1,6,20210131
4.0,2021-01-31,2021,1,6,20210131
6.0,2021-01-31,2021,1,6,20210131
8.0,2021-01-31,2021,1,6,20210131
9.0,2021-01-31,2021,1,6,20210131
11.0,2021-01-31,2021,1,6,20210131
10.0,2021-01-31,2021,1,6,20210131
12.0,2021-01-31,2021,1,6,20210131
13.0,2021-01-31,2021,1,6,20210131
66.0,2021-01-31,2021,1,6,20210131
15.0,2021-01-31,2021,1,6,20210131
19.0,2021-01-31,2021,1,6,20210131
16.0,2021-01-31,2021,1,6,20210131
17.0,2021-01-31,2021,1,6,20210131
18.0,2021-01-31,2021,1,6,20210131
20.0,2021-01-31,2021,1,6,20210131
21.0,2021-01-31,2021,1,6,20210131
22.0,2021-01-31,2021,1,6,20210131
25.0,2021-01-31,2021,1,6,20210131
24.0,2021-01-31,2021,1,6,20210131
23.0,2021-01-31,2021,1,6,20210131
26.0,2021-01-31,2021,1,6,20210131
27.0,2021-01-31,2021,1,6,20210131
29.0,2021-01-31,2021,1,6,20210131
69.0,2021-01-31,2021,1,6,20210131
28.0,2021-01-31,2021,1,6,20210131
30.0,2021-01-31,2021,1,6,20210131
37.0,2021-01-31,2021,1,6,20210131
38.0,2021-01-31,2021,1,6,20210131
31.0,2021-01-31,2021,1,6,20210131
33.0,2021-01-31,2021,1,6,20210131
34.0,2021-01-31,2021,1,6,20210131
35.0,2021-01-31,2021,1,6,20210131
32.0,2021-01-31,2021,1,6,20210131
36.0,2021-01-31,2021,1,6,20210131
39.0,2021-01-31,2021,1,6,20210131
40.0,2021-01-31,2021,1,6,20210131
41.0,2021-01-31,2021,1,6,20210131
42.0,2021-01-31,2021,1,6,20210131
72.0,2021-01-31,2021,1,6,20210131
44.0,2021-01-31,2021,1,6,20210131
45.0,2021-01-31,2021,1,6,20210131
46.0,2021-01-31,2021,1,6,20210131
47.0,2021-01-31,2021,1,6,20210131
48.0,2021-01-31,2021,1,6,20210131
49.0,2021-01-31,2021,1,6,20210131
51.0,2021-01-31,2021,1,6,20210131
78.0,2021-01-31,2021,1,6,20210131
50.0,2021-01-31,2021,1,6,20210131
53.0,2021-01-31,2021,1,6,20210131
55.0,2021-01-31,2021,1,6,20210131
54.0,2021-01-31,2021,1,6,20210131
56.0,2021-01-31,2021,1,6,20210131
2.0,2021-01-30,2021,1,5,20210130
1.0,2021-01-30,2021,1,5,20210130
5.0,2021-01-30,2021,1,5,20210130
60.0,2021-01-30,2021,1,5,20210130
4.0,2021-01-30,2021,1,5,20210130
6.0,2021-01-30,2021,1,5,20210130
8.0,2021-01-30,2021,1,5,20210130
9.0,2021-01-30,2021,1,5,20210130
11.0,2021-01-30,2021,1,5,20210130
10.0,2021-01-30,2021,1,5,20210130
12.0,2021-01-30,2021,1,5,20210130
13.0,2021-01-30,2021,1,5,20210130
66.0,2021-01-30,2021,1,5,20210130
15.0,2021-01-30,2021,1,5,20210130
19.0,2021-01-30,2021,1,5,20210130
16.0,2021-01-30,2021,1,5,20210130
17.0,2021-01-30,2021,1,5,20210130
18.0,2021-01-30,2021,1,5,20210130
20.0,2021-01-30,2021,1,5,20210130
21.0,2021-01-30,2021,1,5,20210130
22.0,2021-01-30,2021,1,5,20210130
25.0,2021-01-30,2021,1,5,20210130
24.0,2021-01-30,2021,1,5,20210130
23.0,2021-01-30,2021,1,5,20210130
26.0,2021-01-30,2021,1,5,20210130
27.0,2021-01-30,2021,1,5,20210130
29.0,2021-01-30,2021,1,5,20210130
69.0,2021-01-30,2021,1,5,20210130
28.0,2021-01-30,2021,1,5,20210130
30.0,2021-01-30,2021,1,5,20210130
37.0,2021-01-30,2021,1,5,20210130
38.0,2021-01-30,2021,1,5,20210130
31.0,2021-01-30,2021,1,5,20210130
33.0,2021-01-30,2021,1,5,20210130
34.0,2021-01-30,2021,1,5,20210130
35.0,2021-01-30,2021,1,5,20210130
32.0,2021-01-30,2021,1,5,20210130
36.0,2021-01-30,2021,1,5,20210130
39.0,2021-01-30,2021,1,5,20210130
40.0,2021-01-30,2021,1,5,20210130
41.0,2021-01-30,2021,1,5,20210130
42.0,2021-01-30,2021,1,5,20210130
72.0,2021-01-30,2021,1,5,20210130
44.0,2021-01-30,2021,1,5,20210130
45.0,2021-01-30,2021,1,5,20210130
46.0,2021-01-30,2021,1,5,20210130
47.0,2021-01-30,2021,1,5,20210130
48.0,2021-01-30,2021,1,5,20210130
49.0,2021-01-30,2021,1,5,20210130
51.0,2021-01-30,2021,1,5,20210130
78.0,2021-01-30,2021,1,5,20210130
50.0,2021-01-30,2021,1,5,20210130
53.0,2021-01-30,2021,1,5,20210130
55.0,2021-01-30,2021,1,5,20210130
54.0,2021-01-30,2021,1,5,20210130
56.0,2021-01-30,2021,1,5,20210130
2.0,2021-01-29,2021,1,4,20210129
1.0,2021-01-29,2021,1,4,20210129
5.0,2021-01-29,2021,1,4,20210129
60.0,2021-01-29,2021,1,4,20210129
4.0,2021-01-29,2021,1,4,20210129
6.0,2021-01-29,2021,1,4,20210129
8.0,2021-01-29,2021,1,4,20210129
9.0,2021-01-29,2021,1,4,20210129
11.0,2021-01-29,2021,1,4,20210129
10.0,2021-01-29,2021,1,4,20210129
12.0,2021-01-29,2021,1,4,20210129
13.0,2021-01-29,2021,1,4,20210129
66.0,2021-01-29,2021,1,4,20210129
15.0,2021-01-29,2021,1,4,20210129
19.0,2021-01-29,2021,1,4,20210129
16.0,2021-01-29,2021,1,4,20210129
17.0,2021-01-29,2021,1,4,20210129
18.0,2021-01-29,2021,1,4,20210129
20.0,2021-01-29,2021,1,4,20210129
21.0,2021-01-29,2021,1,4,20210129
22.0,2021-01-29,2021,1,4,20210129
25.0,2021-01-29,2021,1,4,20210129
24.0,2021-01-29,2021,1,4,20210129
23.0,2021-01-29,2021,1,4,20210129
26.0,2021-01-29,2021,1,4,20210129
27.0,2021-01-29,2021,1,4,20210129
29.0,2021-01-29,2021,1,4,20210129
69.0,2021-01-29,2021,1,4,20210129
28.0,2021-01-29,2021,1,4,20210129
30.0,2021-01-29,2021,1,4,20210129
37.0,2021-01-29,2021,1,4,20210129
38.0,2021-01-29,2021,1,4,20210129
31.0,2021-01-29,2021,1,4,20210129
33.0,2021-01-29,2021,1,4,20210129
34.0,2021-01-29,2021,1,4,20210129
35.0,2021-01-29,2021,1,4,20210129
32.0,2021-01-29,2021,1,4,20210129
36.0,2021-01-29,2021,1,4,20210129
39.0,2021-01-29,2021,1,4,20210129
40.0,2021-01-29,2021,1,4,20210129
41.0,2021-01-29,2021,1,4,20210129
42.0,2021-01-29,2021,1,4,20210129
72.0,2021-01-29,2021,1,4,20210129
44.0,2021-01-29,2021,1,4,20210129
45.0,2021-01-29,2021,1,4,20210129
46.0,2021-01-29,2021,1,4,20210129
47.0,2021-01-29,2021,1,4,20210129
48.0,2021-01-29,2021,1,4,20210129
49.0,2021-01-29,2021,1,4,20210129
51.0,2021-01-29,2021,1,4,20210129
78.0,2021-01-29,2021,1,4,20210129
50.0,2021-01-29,2021,1,4,20210129
53.0,2021-01-29,2021,1,4,20210129
55.0,2021-01-29,2021,1,4,20210129
54.0,2021-01-29,2021,1,4,20210129
56.0,2021-01-29,2021,1,4,20210129
2.0,2021-01-28,2021,1,3,20210128
1.0,2021-01-28,2021,1,3,20210128
5.0,2021-01-28,2021,1,3,20210128
60.0,2021-01-28,2021,1,3,20210128
4.0,2021-01-28,2021,1,3,20210128
6.0,2021-01-28,2021,1,3,20210128
8.0,2021-01-28,2021,1,3,20210128
9.0,2021-01-28,2021,1,3,20210128
11.0,2021-01-28,2021,1,3,20210128
10.0,2021-01-28,2021,1,3,20210128
12.0,2021-01-28,2021,1,3,20210128
13.0,2021-01-28,2021,1,3,20210128
66.0,2021-01-28,2021,1,3,20210128
15.0,2021-01-28,2021,1,3,20210128
19.0,2021-01-28,2021,1,3,20210128
16.0,2021-01-28,2021,1,3,20210128
17.0,2021-01-28,2021,1,3,20210128
18.0,2021-01-28,2021,1,3,20210128
20.0,2021-01-28,2021,1,3,20210128
21.0,2021-01-28,2021,1,3,20210128
22.0,2021-01-28,2021,1,3,20210128
25.0,2021-01-28,2021,1,3,20210128
24.0,2021-01-28,2021,1,3,20210128
23.0,2021-01-28,2021,1,3,20210128
26.0,2021-01-28,2021,1,3,20210128
27.0,2021-01-28,2021,1,3,20210128
29.0,2021-01-28,2021,1,3,20210128
69.0,2021-01-28,2021,1,3,20210128
28.0,2021-01-28,2021,1,3,20210128
30.0,2021-01-28,2021,1,3,20210128
37.0,2021-01-28,2021,1,3,20210128
38.0,2021-01-28,2021,1,3,20210128
31.0,2021-01-28,2021,1,3,20210128
33.0,2021-01-28,2021,1,3,20210128
34.0,2021-01-28,2021,1,3,20210128
35.0,2021-01-28,2021,1,3,20210128
32.0,2021-01-28,2021,1,3,20210128
36.0,2021-01-28,2021,1,3,20210128
39.0,2021-01-28,2021,1,3,20210128
40.0,2021-01-28,2021,1,3,20210128
41.0,2021-01-28,2021,1,3,20210128
42.0,2021-01-28,2021,1,3,20210128
72.0,2021-01-28,2021,1,3,20210128
44.0,2021-01-28,2021,1,3,20210128
45.0,2021-01-28,2021,1,3,20210128
46.0,2021-01-28,2021,1,3,20210128
47.0,2021-01-28,2021,1,3,20210128
48.0,2021-01-28,2021,1,3,20210128
49.0,2021-01-28,2021,1,3,20210128
51.0,2021-01-28,2021,1,3,20210128
78.0,2021-01-28,2021,1,3,20210128
50.0,2021-01-28,2021,1,3,20210128
53.0,2021-01-28,2021,1,3,20210128
55.0,2021-01-28,2021,1,3,20210128
54.0,2021-01-28,2021,1,3,20210128
56.0,2021-01-28,2021,1,3,20210128
2.0,2021-01-27,2021,1,2,20210127
1.0,2021-01-27,2021,1,2,20210127
5.0,2021-01-27,2021,1,2,20210127
60.0,2021-01-27,2021,1,2,20210127
4.0,2021-01-27,2021,1,2,20210127
6.0,2021-01-27,2021,1,2,20210127
8.0,2021-01-27,2021,1,2,20210127
9.0,2021-01-27,2021,1,2,20210127
11.0,2021-01-27,2021,1,2,20210127
10.0,2021-01-27,2021,1,2,20210127
12.0,2021-01-27,2021,1,2,20210127
13.0,2021-01-27,2021,1,2,20210127
66.0,2021-01-27,2021,1,2,20210127
15.0,2021-01-27,2021,1,2,20210127
19.0,2021-01-27,2021,1,2,20210127
16.0,2021-01-27,2021,1,2,20210127
17.0,2021-01-27,2021,1,2,20210127
18.0,2021-01-27,2021,1,2,20210127
20.0,2021-01-27,2021,1,2,20210127
21.0,2021-01-27,2021,1,2,20210127
22.0,2021-01-27,2021,1,2,20210127
25.0,2021-01-27,2021,1,2,20210127
24.0,2021-01-27,2021,1,2,20210127
23.0,2021-01-27,2021,1,2,20210127
26.0,2021-01-27,2021,1,2,20210127
27.0,2021-01-27,2021,1,2,20210127
29.0,2021-01-27,2021,1,2,20210127
69.0,2021-01-27,2021,1,2,20210127
28.0,2021-01-27,2021,1,2,20210127
30.0,2021-01-27,2021,1,2,20210127
37.0,2021-01-27,2021,1,2,20210127
38.0,2021-01-27,2021,1,2,20210127
31.0,2021-01-27,2021,1,2,20210127
33.0,2021-01-27,2021,1,2,20210127
34.0,2021-01-27,2021,1,2,20210127
35.0,2021-01-27,2021,1,2,20210127
32.0,2021-01-27,2021,1,2,20210127
36.0,2021-01-27,2021,1,2,20210127
39.0,2021-01-27,2021,1,2,20210127
40.0,2021-01-27,2021,1,2,20210127
41.0,2021-01-27,2021,1,2,20210127
42.0,2021-01-27,2021,1,2,20210127
72.0,2021-01-27,2021,1,2,20210127
44.0,2021-01-27,2021,1,2,20210127
45.0,2021-01-27,2021,1,2,20210127
46.0,2021-01-27,2021,1,2,20210127
47.0,2021-01-27,2021,1,2,20210127
48.0,2021-01-27,2021,1,2,20210127
49.0,2021-01-27,2021,1,2,20210127
51.0,2021-01-27,2021,1,2,20210127
78.0,2021-01-27,2021,1,2,20210127
50.0,2021-01-27,2021,1,2,20210127
53.0,2021-01-27,2021,1,2,20210127
55.0,2021-01-27,2021,1,2,20210127
54.0,2021-01-27,2021,1,2,20210127
56.0,2021-01-27,2021,1,2,20210127
2.0,2021-01-26,2021,1,1,20210126
1.0,2021-01-26,2021,1,1,20210126
5.0,2021-01-26,2021,1,1,20210126
60.0,2021-01-26,2021,1,1,20210126
4.0,2021-01-26,2021,1,1,20210126
6.0,2021-01-26,2021,1,1,20210126
8.0,2021-01-26,2021,1,1,20210126
9.0,2021-01-26,2021,1,1,20210126
11.0,2021-01-26,2021,1,1,20210126
10.0,2021-01-26,2021,1,1,20210126
12.0,2021-01-26,2021,1,1,20210126
13.0,2021-01-26,2021,1,1,20210126
66.0,2021-01-26,2021,1,1,20210126
15.0,2021-01-26,2021,1,1,20210126
19.0,2021-01-26,2021,1,1,20210126
16.0,2021-01-26,2021,1,1,20210126
17.0,2021-01-26,2021,1,1,20210126
18.0,2021-01-26,2021,1,1,20210126
20.0,2021-01-26,2021,1,1,20210126
21.0,2021-01-26,2021,1,1,20210126
22.0,2021-01-26,2021,1,1,20210126
25.0,2021-01-26,2021,1,1,20210126
24.0,2021-01-26,2021,1,1,20210126
23.0,2021-01-26,2021,1,1,20210126
26.0,2021-01-26,2021,1,1,20210126
27.0,2021-01-26,2021,1,1,20210126
29.0,2021-01-26,2021,1,1,20210126
69.0,2021-01-26,2021,1,1,20210126
28.0,2021-01-26,2021,1,1,20210126
30.0,2021-01-26,2021,1,1,20210126
37.0,2021-01-26,2021,1,1,20210126
38.0,2021-01-26,2021,1,1,20210126
31.0,2021-01-26,2021,1,1,20210126
33.0,2021-01-26,2021,1,1,20210126
34.0,2021-01-26,2021,1,1,20210126
35.0,2021-01-26,2021,1,1,20210126
32.0,2021-01-26,2021,1,1,20210126
36.0,2021-01-26,2021,1,1,20210126
39.0,2021-01-26,2021,1,1,20210126
40.0,2021-01-26,2021,1,1,20210126
41.0,2021-01-26,2021,1,1,20210126
42.0,2021-01-26,2021,1,1,20210126
72.0,2021-01-26,2021,1,1,20210126
44.0,2021-01-26,2021,1,1,20210126
45.0,2021-01-26,2021,1,1,20210126
46.0,2021-01-26,2021,1,1,20210126
47.0,2021-01-26,2021,1,1,20210126
48.0,2021-01-26,2021,1,1,20210126
49.0,2021-01-26,2021,1,1,20210126
51.0,2021-01-26,2021,1,1,20210126
78.0,2021-01-26,2021,1,1,20210126
50.0,2021-01-26,2021,1,1,20210126
53.0,2021-01-26,2021,1,1,20210126
55.0,2021-01-26,2021,1,1,20210126
54.0,2021-01-26,2021,1,1,20210126
56.0,2021-01-26,2021,1,1,20210126
2.0,2021-01-25,2021,1,0,20210125
1.0,2021-01-25,2021,1,0,20210125
5.0,2021-01-25,2021,1,0,20210125
60.0,2021-01-25,2021,1,0,20210125
4.0,2021-01-25,2021,1,0,20210125
6.0,2021-01-25,2021,1,0,20210125
8.0,2021-01-25,2021,1,0,20210125
9.0,2021-01-25,2021,1,0,20210125
11.0,2021-01-25,2021,1,0,20210125
10.0,2021-01-25,2021,1,0,20210125
12.0,2021-01-25,2021,1,0,20210125
13.0,2021-01-25,2021,1,0,20210125
66.0,2021-01-25,2021,1,0,20210125
15.0,2021-01-25,2021,1,0,20210125
19.0,2021-01-25,2021,1,0,20210125
16.0,2021-01-25,2021,1,0,20210125
17.0,2021-01-25,2021,1,0,20210125
18.0,2021-01-25,2021,1,0,20210125
20.0,2021-01-25,2021,1,0,20210125
21.0,2021-01-25,2021,1,0,20210125
22.0,2021-01-25,2021,1,0,20210125
25.0,2021-01-25,2021,1,0,20210125
24.0,2021-01-25,2021,1,0,20210125
23.0,2021-01-25,2021,1,0,20210125
26.0,2021-01-25,2021,1,0,20210125
27.0,2021-01-25,2021,1,0,20210125
29.0,2021-01-25,2021,1,0,20210125
69.0,2021-01-25,2021,1,0,20210125
28.0,2021-01-25,2021,1,0,20210125
30.0,2021-01-25,2021,1,0,20210125
37.0,2021-01-25,2021,1,0,20210125
38.0,2021-01-25,2021,1,0,20210125
31.0,2021-01-25,2021,1,0,20210125
33.0,2021-01-25,2021,1,0,20210125
34.0,2021-01-25,2021,1,0,20210125
35.0,2021-01-25,2021,1,0,20210125
32.0,2021-01-25,2021,1,0,20210125
36.0,2021-01-25,2021,1,0,20210125
39.0,2021-01-25,2021,1,0,20210125
40.0,2021-01-25,2021,1,0,20210125
41.0,2021-01-25,2021,1,0,20210125
42.0,2021-01-25,2021,1,0,20210125
72.0,2021-01-25,2021,1,0,20210125
44.0,2021-01-25,2021,1,0,20210125
45.0,2021-01-25,2021,1,0,20210125
46.0,2021-01-25,2021,1,0,20210125
47.0,2021-01-25,2021,1,0,20210125
48.0,2021-01-25,2021,1,0,20210125
49.0,2021-01-25,2021,1,0,20210125
51.0,2021-01-25,2021,1,0,20210125
78.0,2021-01-25,2021,1,0,20210125
50.0,2021-01-25,2021,1,0,20210125
53.0,2021-01-25,2021,1,0,20210125
55.0,2021-01-25,2021,1,0,20210125
54.0,2021-01-25,2021,1,0,20210125
56.0,2021-01-25,2021,1,0,20210125
2.0,2021-01-24,2021,1,6,20210124
1.0,2021-01-24,2021,1,6,20210124
5.0,2021-01-24,2021,1,6,20210124
60.0,2021-01-24,2021,1,6,20210124
4.0,2021-01-24,2021,1,6,20210124
6.0,2021-01-24,2021,1,6,20210124
8.0,2021-01-24,2021,1,6,20210124
9.0,2021-01-24,2021,1,6,20210124
11.0,2021-01-24,2021,1,6,20210124
10.0,2021-01-24,2021,1,6,20210124
12.0,2021-01-24,2021,1,6,20210124
13.0,2021-01-24,2021,1,6,20210124
66.0,2021-01-24,2021,1,6,20210124
15.0,2021-01-24,2021,1,6,20210124
19.0,2021-01-24,2021,1,6,20210124
16.0,2021-01-24,2021,1,6,20210124
17.0,2021-01-24,2021,1,6,20210124
18.0,2021-01-24,2021,1,6,20210124
20.0,2021-01-24,2021,1,6,20210124
21.0,2021-01-24,2021,1,6,20210124
22.0,2021-01-24,2021,1,6,20210124
25.0,2021-01-24,2021,1,6,20210124
24.0,2021-01-24,2021,1,6,20210124
23.0,2021-01-24,2021,1,6,20210124
26.0,2021-01-24,2021,1,6,20210124
27.0,2021-01-24,2021,1,6,20210124
29.0,2021-01-24,2021,1,6,20210124
69.0,2021-01-24,2021,1,6,20210124
28.0,2021-01-24,2021,1,6,20210124
30.0,2021-01-24,2021,1,6,20210124
37.0,2021-01-24,2021,1,6,20210124
38.0,2021-01-24,2021,1,6,20210124
31.0,2021-01-24,2021,1,6,20210124
33.0,2021-01-24,2021,1,6,20210124
34.0,2021-01-24,2021,1,6,20210124
35.0,2021-01-24,2021,1,6,20210124
32.0,2021-01-24,2021,1,6,20210124
36.0,2021-01-24,2021,1,6,20210124
39.0,2021-01-24,2021,1,6,20210124
40.0,2021-01-24,2021,1,6,20210124
41.0,2021-01-24,2021,1,6,20210124
42.0,2021-01-24,2021,1,6,20210124
72.0,2021-01-24,2021,1,6,20210124
44.0,2021-01-24,2021,1,6,20210124
45.0,2021-01-24,2021,1,6,20210124
46.0,2021-01-24,2021,1,6,20210124
47.0,2021-01-24,2021,1,6,20210124
48.0,2021-01-24,2021,1,6,20210124
49.0,2021-01-24,2021,1,6,20210124
51.0,2021-01-24,2021,1,6,20210124
78.0,2021-01-24,2021,1,6,20210124
50.0,2021-01-24,2021,1,6,20210124
53.0,2021-01-24,2021,1,6,20210124
55.0,2021-01-24,2021,1,6,20210124
54.0,2021-01-24,2021,1,6,20210124
56.0,2021-01-24,2021,1,6,20210124
2.0,2021-01-23,2021,1,5,20210123
1.0,2021-01-23,2021,1,5,20210123
5.0,2021-01-23,2021,1,5,20210123
60.0,2021-01-23,2021,1,5,20210123
4.0,2021-01-23,2021,1,5,20210123
6.0,2021-01-23,2021,1,5,20210123
8.0,2021-01-23,2021,1,5,20210123
9.0,2021-01-23,2021,1,5,20210123
11.0,2021-01-23,2021,1,5,20210123
10.0,2021-01-23,2021,1,5,20210123
12.0,2021-01-23,2021,1,5,20210123
13.0,2021-01-23,2021,1,5,20210123
66.0,2021-01-23,2021,1,5,20210123
15.0,2021-01-23,2021,1,5,20210123
19.0,2021-01-23,2021,1,5,20210123
16.0,2021-01-23,2021,1,5,20210123
17.0,2021-01-23,2021,1,5,20210123
18.0,2021-01-23,2021,1,5,20210123
20.0,2021-01-23,2021,1,5,20210123
21.0,2021-01-23,2021,1,5,20210123
22.0,2021-01-23,2021,1,5,20210123
25.0,2021-01-23,2021,1,5,20210123
24.0,2021-01-23,2021,1,5,20210123
23.0,2021-01-23,2021,1,5,20210123
26.0,2021-01-23,2021,1,5,20210123
27.0,2021-01-23,2021,1,5,20210123
29.0,2021-01-23,2021,1,5,20210123
69.0,2021-01-23,2021,1,5,20210123
28.0,2021-01-23,2021,1,5,20210123
30.0,2021-01-23,2021,1,5,20210123
37.0,2021-01-23,2021,1,5,20210123
38.0,2021-01-23,2021,1,5,20210123
31.0,2021-01-23,2021,1,5,20210123
33.0,2021-01-23,2021,1,5,20210123
34.0,2021-01-23,2021,1,5,20210123
35.0,2021-01-23,2021,1,5,20210123
32.0,2021-01-23,2021,1,5,20210123
36.0,2021-01-23,2021,1,5,20210123
39.0,2021-01-23,2021,1,5,20210123
40.0,2021-01-23,2021,1,5,20210123
41.0,2021-01-23,2021,1,5,20210123
42.0,2021-01-23,2021,1,5,20210123
72.0,2021-01-23,2021,1,5,20210123
44.0,2021-01-23,2021,1,5,20210123
45.0,2021-01-23,2021,1,5,20210123
46.0,2021-01-23,2021,1,5,20210123
47.0,2021-01-23,2021,1,5,20210123
48.0,2021-01-23,2021,1,5,20210123
49.0,2021-01-23,2021,1,5,20210123
51.0,2021-01-23,2021,1,5,20210123
78.0,2021-01-23,2021,1,5,20210123
50.0,2021-01-23,2021,1,5,20210123
53.0,2021-01-23,2021,1,5,20210123
55.0,2021-01-23,2021,1,5,20210123
54.0,2021-01-23,2021,1,5,20210123
56.0,2021-01-23,2021,1,5,20210123
2.0,2021-01-22,2021,1,4,20210122
1.0,2021-01-22,2021,1,4,20210122
5.0,2021-01-22,2021,1,4,20210122
60.0,2021-01-22,2021,1,4,20210122
4.0,2021-01-22,2021,1,4,20210122
6.0,2021-01-22,2021,1,4,20210122
8.0,2021-01-22,2021,1,4,20210122
9.0,2021-01-22,2021,1,4,20210122
11.0,2021-01-22,2021,1,4,20210122
10.0,2021-01-22,2021,1,4,20210122
12.0,2021-01-22,2021,1,4,20210122
13.0,2021-01-22,2021,1,4,20210122
66.0,2021-01-22,2021,1,4,20210122
15.0,2021-01-22,2021,1,4,20210122
19.0,2021-01-22,2021,1,4,20210122
16.0,2021-01-22,2021,1,4,20210122
17.0,2021-01-22,2021,1,4,20210122
18.0,2021-01-22,2021,1,4,20210122
20.0,2021-01-22,2021,1,4,20210122
21.0,2021-01-22,2021,1,4,20210122
22.0,2021-01-22,2021,1,4,20210122
25.0,2021-01-22,2021,1,4,20210122
24.0,2021-01-22,2021,1,4,20210122
23.0,2021-01-22,2021,1,4,20210122
26.0,2021-01-22,2021,1,4,20210122
27.0,2021-01-22,2021,1,4,20210122
29.0,2021-01-22,2021,1,4,20210122
69.0,2021-01-22,2021,1,4,20210122
28.0,2021-01-22,2021,1,4,20210122
30.0,2021-01-22,2021,1,4,20210122
37.0,2021-01-22,2021,1,4,20210122
38.0,2021-01-22,2021,1,4,20210122
31.0,2021-01-22,2021,1,4,20210122
33.0,2021-01-22,2021,1,4,20210122
34.0,2021-01-22,2021,1,4,20210122
35.0,2021-01-22,2021,1,4,20210122
32.0,2021-01-22,2021,1,4,20210122
36.0,2021-01-22,2021,1,4,20210122
39.0,2021-01-22,2021,1,4,20210122
40.0,2021-01-22,2021,1,4,20210122
41.0,2021-01-22,2021,1,4,20210122
42.0,2021-01-22,2021,1,4,20210122
72.0,2021-01-22,2021,1,4,20210122
44.0,2021-01-22,2021,1,4,20210122
45.0,2021-01-22,2021,1,4,20210122
46.0,2021-01-22,2021,1,4,20210122
47.0,2021-01-22,2021,1,4,20210122
48.0,2021-01-22,2021,1,4,20210122
49.0,2021-01-22,2021,1,4,20210122
51.0,2021-01-22,2021,1,4,20210122
78.0,2021-01-22,2021,1,4,20210122
50.0,2021-01-22,2021,1,4,20210122
53.0,2021-01-22,2021,1,4,20210122
55.0,2021-01-22,2021,1,4,20210122
54.0,2021-01-22,2021,1,4,20210122
56.0,2021-01-22,2021,1,4,20210122
2.0,2021-01-21,2021,1,3,20210121
1.0,2021-01-21,2021,1,3,20210121
5.0,2021-01-21,2021,1,3,20210121
60.0,2021-01-21,2021,1,3,20210121
4.0,2021-01-21,2021,1,3,20210121
6.0,2021-01-21,2021,1,3,20210121
8.0,2021-01-21,2021,1,3,20210121
9.0,2021-01-21,2021,1,3,20210121
11.0,2021-01-21,2021,1,3,20210121
10.0,2021-01-21,2021,1,3,20210121
12.0,2021-01-21,2021,1,3,20210121
13.0,2021-01-21,2021,1,3,20210121
66.0,2021-01-21,2021,1,3,20210121
15.0,2021-01-21,2021,1,3,20210121
19.0,2021-01-21,2021,1,3,20210121
16.0,2021-01-21,2021,1,3,20210121
17.0,2021-01-21,2021,1,3,20210121
18.0,2021-01-21,2021,1,3,20210121
20.0,2021-01-21,2021,1,3,20210121
21.0,2021-01-21,2021,1,3,20210121
22.0,2021-01-21,2021,1,3,20210121
25.0,2021-01-21,2021,1,3,20210121
24.0,2021-01-21,2021,1,3,20210121
23.0,2021-01-21,2021,1,3,20210121
26.0,2021-01-21,2021,1,3,20210121
27.0,2021-01-21,2021,1,3,20210121
29.0,2021-01-21,2021,1,3,20210121
69.0,2021-01-21,2021,1,3,20210121
28.0,2021-01-21,2021,1,3,20210121
30.0,2021-01-21,2021,1,3,20210121
37.0,2021-01-21,2021,1,3,20210121
38.0,2021-01-21,2021,1,3,20210121
31.0,2021-01-21,2021,1,3,20210121
33.0,2021-01-21,2021,1,3,20210121
34.0,2021-01-21,2021,1,3,20210121
35.0,2021-01-21,2021,1,3,20210121
32.0,2021-01-21,2021,1,3,20210121
36.0,2021-01-21,2021,1,3,20210121
39.0,2021-01-21,2021,1,3,20210121
40.0,2021-01-21,2021,1,3,20210121
41.0,2021-01-21,2021,1,3,20210121
42.0,2021-01-21,2021,1,3,20210121
72.0,2021-01-21,2021,1,3,20210121
44.0,2021-01-21,2021,1,3,20210121
45.0,2021-01-21,2021,1,3,20210121
46.0,2021-01-21,2021,1,3,20210121
47.0,2021-01-21,2021,1,3,20210121
48.0,2021-01-21,2021,1,3,20210121
49.0,2021-01-21,2021,1,3,20210121
51.0,2021-01-21,2021,1,3,20210121
78.0,2021-01-21,2021,1,3,20210121
50.0,2021-01-21,2021,1,3,20210121
53.0,2021-01-21,2021,1,3,20210121
55.0,2021-01-21,2021,1,3,20210121
54.0,2021-01-21,2021,1,3,20210121
56.0,2021-01-21,2021,1,3,20210121
2.0,2021-01-20,2021,1,2,20210120
1.0,2021-01-20,2021,1,2,20210120
5.0,2021-01-20,2021,1,2,20210120
60.0,2021-01-20,2021,1,2,20210120
4.0,2021-01-20,2021,1,2,20210120
6.0,2021-01-20,2021,1,2,20210120
8.0,2021-01-20,2021,1,2,20210120
9.0,2021-01-20,2021,1,2,20210120
11.0,2021-01-20,2021,1,2,20210120
10.0,2021-01-20,2021,1,2,20210120
12.0,2021-01-20,2021,1,2,20210120
13.0,2021-01-20,2021,1,2,20210120
66.0,2021-01-20,2021,1,2,20210120
15.0,2021-01-20,2021,1,2,20210120
19.0,2021-01-20,2021,1,2,20210120
16.0,2021-01-20,2021,1,2,20210120
17.0,2021-01-20,2021,1,2,20210120
18.0,2021-01-20,2021,1,2,20210120
20.0,2021-01-20,2021,1,2,20210120
21.0,2021-01-20,2021,1,2,20210120
22.0,2021-01-20,2021,1,2,20210120
25.0,2021-01-20,2021,1,2,20210120
24.0,2021-01-20,2021,1,2,20210120
23.0,2021-01-20,2021,1,2,20210120
26.0,2021-01-20,2021,1,2,20210120
27.0,2021-01-20,2021,1,2,20210120
29.0,2021-01-20,2021,1,2,20210120
69.0,2021-01-20,2021,1,2,20210120
28.0,2021-01-20,2021,1,2,20210120
30.0,2021-01-20,2021,1,2,20210120
37.0,2021-01-20,2021,1,2,20210120
38.0,2021-01-20,2021,1,2,20210120
31.0,2021-01-20,2021,1,2,20210120
33.0,2021-01-20,2021,1,2,20210120
34.0,2021-01-20,2021,1,2,20210120
35.0,2021-01-20,2021,1,2,20210120
32.0,2021-01-20,2021,1,2,20210120
36.0,2021-01-20,2021,1,2,20210120
39.0,2021-01-20,2021,1,2,20210120
40.0,2021-01-20,2021,1,2,20210120
41.0,2021-01-20,2021,1,2,20210120
42.0,2021-01-20,2021,1,2,20210120
72.0,2021-01-20,2021,1,2,20210120
44.0,2021-01-20,2021,1,2,20210120
45.0,2021-01-20,2021,1,2,20210120
46.0,2021-01-20,2021,1,2,20210120
47.0,2021-01-20,2021,1,2,20210120
48.0,2021-01-20,2021,1,2,20210120
49.0,2021-01-20,2021,1,2,20210120
51.0,2021-01-20,2021,1,2,20210120
78.0,2021-01-20,2021,1,2,20210120
50.0,2021-01-20,2021,1,2,20210120
53.0,2021-01-20,2021,1,2,20210120
55.0,2021-01-20,2021,1,2,20210120
54.0,2021-01-20,2021,1,2,20210120
56.0,2021-01-20,2021,1,2,20210120
2.0,2021-01-19,2021,1,1,20210119
1.0,2021-01-19,2021,1,1,20210119
5.0,2021-01-19,2021,1,1,20210119
60.0,2021-01-19,2021,1,1,20210119
4.0,2021-01-19,2021,1,1,20210119
6.0,2021-01-19,2021,1,1,20210119
8.0,2021-01-19,2021,1,1,20210119
9.0,2021-01-19,2021,1,1,20210119
11.0,2021-01-19,2021,1,1,20210119
10.0,2021-01-19,2021,1,1,20210119
12.0,2021-01-19,2021,1,1,20210119
13.0,2021-01-19,2021,1,1,20210119
66.0,2021-01-19,2021,1,1,20210119
15.0,2021-01-19,2021,1,1,20210119
19.0,2021-01-19,2021,1,1,20210119
16.0,2021-01-19,2021,1,1,20210119
17.0,2021-01-19,2021,1,1,20210119
18.0,2021-01-19,2021,1,1,20210119
20.0,2021-01-19,2021,1,1,20210119
21.0,2021-01-19,2021,1,1,20210119
22.0,2021-01-19,2021,1,1,20210119
25.0,2021-01-19,2021,1,1,20210119
24.0,2021-01-19,2021,1,1,20210119
23.0,2021-01-19,2021,1,1,20210119
26.0,2021-01-19,2021,1,1,20210119
27.0,2021-01-19,2021,1,1,20210119
29.0,2021-01-19,2021,1,1,20210119
69.0,2021-01-19,2021,1,1,20210119
28.0,2021-01-19,2021,1,1,20210119
30.0,2021-01-19,2021,1,1,20210119
37.0,2021-01-19,2021,1,1,20210119
38.0,2021-01-19,2021,1,1,20210119
31.0,2021-01-19,2021,1,1,20210119
33.0,2021-01-19,2021,1,1,20210119
34.0,2021-01-19,2021,1,1,20210119
35.0,2021-01-19,2021,1,1,20210119
32.0,2021-01-19,2021,1,1,20210119
36.0,2021-01-19,2021,1,1,20210119
39.0,2021-01-19,2021,1,1,20210119
40.0,2021-01-19,2021,1,1,20210119
41.0,2021-01-19,2021,1,1,20210119
42.0,2021-01-19,2021,1,1,20210119
72.0,2021-01-19,2021,1,1,20210119
44.0,2021-01-19,2021,1,1,20210119
45.0,2021-01-19,2021,1,1,20210119
46.0,2021-01-19,2021,1,1,20210119
47.0,2021-01-19,2021,1,1,20210119
48.0,2021-01-19,2021,1,1,20210119
49.0,2021-01-19,2021,1,1,20210119
51.0,2021-01-19,2021,1,1,20210119
78.0,2021-01-19,2021,1,1,20210119
50.0,2021-01-19,2021,1,1,20210119
,2021-01-19,2021,1,1,20210119
